imgurl,date,playerurl,title,bnumber,issue,assetindex
https://dlcs.io/iiif-img/2/1/476484cf-f5f1-4feb-ae98-12f88984a643/0%2c0%2c2306%2c3817/212%2c321/0/default.jpg,1924-09-06T00:00:00,http://wellcomelibrary.org/item/b19974760#?c=0&m=63&s=0&cv=111,"The chemist and druggist, issue 2328 - 6. September 1924",b19974760,63,111
https://dlcs.io/iiif-img/2/1/8af93823-4839-48b6-8fb6-c1c0abf4c5c0/0%2c0%2c2306%2c3817/212%2c321/0/default.jpg,1927-01-15T00:00:00,http://wellcomelibrary.org/item/b19974760#?c=0&m=184&s=0&cv=55,"The chemist and druggist, issue 2449 - 15. January 1927",b19974760,184,55
https://dlcs.io/iiif-img/2/1/87739653-0dc3-4d25-bf06-ffe1801bd24e/0%2c0%2c2306%2c3817/212%2c321/0/default.jpg,1927-01-22T00:00:00,http://wellcomelibrary.org/item/b19974760#?c=0&m=185&s=0&cv=42,"The chemist and druggist, issue 2450 - 22. January 1927",b19974760,185,42
https://dlcs.io/iiif-img/2/1/4700dab0-b6db-4357-a68d-ebae2fac1600/0%2c0%2c2306%2c3817/212%2c321/0/default.jpg,1927-10-15T00:00:00,http://wellcomelibrary.org/item/b19974760#?c=0&m=223&s=0&cv=55,"The chemist and druggist, issue 2488 - 15. October 1927",b19974760,223,55
https://dlcs.io/iiif-img/2/1/46e47e09-8736-4923-afe1-feec0f168b3a/0%2c0%2c2306%2c3817/212%2c321/0/default.jpg,1928-09-22T00:00:00,http://wellcomelibrary.org/item/b19974760#?c=0&m=272&s=0&cv=49,"The chemist and druggist, issue 2537 - 22. September 1928",b19974760,272,49
https://dlcs.io/iiif-img/2/1/d8b0433b-ab52-4eb7-8da0-3efd5638f699/0%2c0%2c2306%2c3817/212%2c321/0/default.jpg,1932-02-13T00:00:00,http://wellcomelibrary.org/item/b19974760#?c=0&m=435&s=0&cv=52,"The chemist and druggist, issue 2714 - 13. February 1932",b19974760,435,52
https://dlcs.io/iiif-img/2/1/4cd4fede-3a90-4f1b-aa12-57f71926283d/0%2c0%2c2306%2c3817/212%2c321/0/default.jpg,1932-07-16T00:00:00,http://wellcomelibrary.org/item/b19974760#?c=0&m=457&s=0&cv=33,"The chemist and druggist, issue 2736 - 16. July 1932",b19974760,457,33
https://dlcs.io/iiif-img/2/1/725a0f0d-7029-49ee-8867-5a16f3c8deaa/0%2c0%2c2306%2c3817/212%2c321/0/default.jpg,1933-11-11T00:00:00,http://wellcomelibrary.org/item/b19974760#?c=0&m=526&s=0&cv=49,"The chemist and druggist, issue 2805 - 11. November 1933",b19974760,526,49
https://dlcs.io/iiif-img/2/1/1970edf4-bb6d-46db-871c-cf1687364b77/0%2c0%2c2306%2c3817/212%2c321/0/default.jpg,1933-11-18T00:00:00,http://wellcomelibrary.org/item/b19974760#?c=0&m=527&s=0&cv=55,"The chemist and druggist, issue 2806 - 18. November 1933",b19974760,527,55
https://dlcs.io/iiif-img/2/1/be0b08a9-8444-4d5b-b905-93ff2ddffc42/0%2c0%2c2306%2c3817/212%2c321/0/default.jpg,1934-02-24T00:00:00,http://wellcomelibrary.org/item/b19974760#?c=0&m=553&s=0&cv=9,"The chemist and druggist, issue 2820 - 24. February 1934",b19974760,553,9
https://dlcs.io/iiif-img/2/1/e8b6e288-d37b-4aa7-8a02-949a096d2e6c/0%2c0%2c2306%2c3817/212%2c321/0/default.jpg,1934-03-24T00:00:00,http://wellcomelibrary.org/item/b19974760#?c=0&m=557&s=0&cv=10,"The chemist and druggist, issue 2824 - 24. March 1934",b19974760,557,10
https://dlcs.io/iiif-img/2/1/674cf8be-5753-406c-bfb2-2ce00be45df9/0%2c0%2c2306%2c3817/212%2c321/0/default.jpg,1934-04-28T00:00:00,http://wellcomelibrary.org/item/b19974760#?c=0&m=562&s=0&cv=9,"The chemist and druggist, issue 2829 - 28. April 1934",b19974760,562,9
https://dlcs.io/iiif-img/2/1/c3d1c014-ca3a-40c3-9c59-61a0c0f2ce0d/0%2c0%2c2306%2c3817/212%2c321/0/default.jpg,1934-05-26T00:00:00,http://wellcomelibrary.org/item/b19974760#?c=0&m=566&s=0&cv=7,"The chemist and druggist, issue 2833 - 26. May 1934",b19974760,566,7
https://dlcs.io/iiif-img/2/1/a94200f1-08c6-4be0-b2b7-d21313c3f62c/0%2c0%2c2306%2c3817/212%2c321/0/default.jpg,1934-06-16T00:00:00,http://wellcomelibrary.org/item/b19974760#?c=0&m=569&s=0&cv=8,"The chemist and druggist, issue 2836 - 16. June 1934",b19974760,569,8
https://dlcs.io/iiif-img/2/1/feb795ea-269f-418c-ad50-264ae5f83ab1/0%2c0%2c2306%2c3817/212%2c321/0/default.jpg,1936-01-11T00:00:00,http://wellcomelibrary.org/item/b19974760#?c=0&m=625&s=0&cv=8,"The chemist and druggist, issue 2918 - 11. January 1936",b19974760,625,8
https://dlcs.io/iiif-img/2/1/908cfa01-f193-47f1-8479-e60d06305dae/0%2c0%2c2306%2c3817/212%2c321/0/default.jpg,1936-01-25T00:00:00,http://wellcomelibrary.org/item/b19974760#?c=0&m=627&s=0&cv=8,"The chemist and druggist, issue 2920 - 25. January 1936",b19974760,627,8
https://dlcs.io/iiif-img/2/1/52c29b9d-19ad-4945-affb-3503631d3525/0%2c0%2c2306%2c3817/212%2c321/0/default.jpg,1936-08-08T00:00:00,http://wellcomelibrary.org/item/b19974760#?c=0&m=655&s=0&cv=31,"The chemist and druggist, issue 2948 - 8. August 1936",b19974760,655,31
https://dlcs.io/iiif-img/2/1/5e5a93c8-6afb-4b0c-8173-031b80d82eaf/0%2c0%2c2306%2c3817/212%2c321/0/default.jpg,1936-08-08T00:00:00,http://wellcomelibrary.org/item/b19974760#?c=0&m=655&s=0&cv=52,"The chemist and druggist, issue 2948 - 8. August 1936",b19974760,655,52
https://dlcs.io/iiif-img/2/1/587ee2a7-2409-4d3d-b485-76a0b556b40a/0%2c0%2c2306%2c3817/212%2c321/0/default.jpg,1936-10-10T00:00:00,http://wellcomelibrary.org/item/b19974760#?c=0&m=664&s=0&cv=84,"The chemist and druggist, issue 2957 - 10. October 1936",b19974760,664,84
https://dlcs.io/iiif-img/2/1/7b286ac2-3a36-4857-b7df-e8cb2e210ffd/0%2c0%2c2306%2c3817/212%2c321/0/default.jpg,1936-12-12T00:00:00,http://wellcomelibrary.org/item/b19974760#?c=0&m=673&s=0&cv=73,"The chemist and druggist, issue 2966 - 12. December 1936",b19974760,673,73
https://dlcs.io/iiif-img/2/1/517494bb-dc59-4fba-aa53-557950faacb8/0%2c0%2c2306%2c3817/212%2c321/0/default.jpg,1937-01-16T00:00:00,http://wellcomelibrary.org/item/b19974760#?c=0&m=678&s=0&cv=8,"The chemist and druggist, issue 2971 - 16. January 1937",b19974760,678,8
https://dlcs.io/iiif-img/2/1/07d52a4f-9e40-40cc-8dd3-58ed5dc18134/0%2c0%2c2306%2c3817/212%2c321/0/default.jpg,1937-01-30T00:00:00,http://wellcomelibrary.org/item/b19974760#?c=0&m=680&s=0&cv=8,"The chemist and druggist, issue 2973 - 30. January 1937",b19974760,680,8
https://dlcs.io/iiif-img/2/1/734b557e-9675-4f5c-b77b-a549aaa5c3d3/0%2c0%2c2306%2c3817/212%2c321/0/default.jpg,1937-02-13T00:00:00,http://wellcomelibrary.org/item/b19974760#?c=0&m=682&s=0&cv=57,"The chemist and druggist, issue 2975 - 13. February 1937",b19974760,682,57
https://dlcs.io/iiif-img/2/1/f499d2dc-830a-41cc-a450-1be0c19ee51b/0%2c0%2c2306%2c3817/212%2c321/0/default.jpg,1937-02-27T00:00:00,http://wellcomelibrary.org/item/b19974760#?c=0&m=684&s=0&cv=8,"The chemist and druggist, issue 2977 - 27. February 1937",b19974760,684,8
https://dlcs.io/iiif-img/2/1/dce991ba-c147-49fc-9b0f-2a7bcda66590/0%2c0%2c2306%2c3817/212%2c321/0/default.jpg,1937-03-27T00:00:00,http://wellcomelibrary.org/item/b19974760#?c=0&m=688&s=0&cv=8,"The chemist and druggist, issue 2981 - 27. March 1937",b19974760,688,8
https://dlcs.io/iiif-img/2/1/f1a50d3c-8955-4888-a8a9-b788e8cc7b7e/0%2c0%2c2306%2c3817/212%2c321/0/default.jpg,1938-09-24T00:00:00,http://wellcomelibrary.org/item/b19974760#?c=0&m=768&s=0&cv=51,"The chemist and druggist, issue 3059 - 24. September 1938",b19974760,768,51
https://dlcs.io/iiif-img/2/1/e2528d97-9dfd-4c4e-9144-97570fee89c9/0%2c0%2c2306%2c3817/212%2c321/0/default.jpg,1940-03-23T00:00:00,http://wellcomelibrary.org/item/b19974760#?c=0&m=856&s=0&cv=19,"The chemist and druggist, issue 3137 - 23. March 1940",b19974760,856,19
https://dlcs.io/iiif-img/2/1/6b4e7289-76d1-47ec-a78d-254683af5798/0%2c0%2c2306%2c3817/212%2c321/0/default.jpg,1940-03-23T00:00:00,http://wellcomelibrary.org/item/b19974760#?c=0&m=856&s=0&cv=24,"The chemist and druggist, issue 3137 - 23. March 1940",b19974760,856,24
https://dlcs.io/iiif-img/2/1/24aadcf8-6ad9-4d97-a0b8-d7bdc7f226d2/0%2c0%2c2306%2c3817/212%2c321/0/default.jpg,1940-04-27T00:00:00,http://wellcomelibrary.org/item/b19974760#?c=0&m=861&s=0&cv=23,"The chemist and druggist, issue 3142 - 27. April 1940",b19974760,861,23
https://dlcs.io/iiif-img/2/1/55384bfa-6223-499e-8815-d7a859e5addc/0%2c0%2c2306%2c3817/212%2c321/0/default.jpg,1940-05-25T00:00:00,http://wellcomelibrary.org/item/b19974760#?c=0&m=865&s=0&cv=29,"The chemist and druggist, issue 3146 - 25. May 1940",b19974760,865,29
https://dlcs.io/iiif-img/2/1/94864edf-537f-40bf-96d1-18cb66d8643e/0%2c0%2c2306%2c3817/212%2c321/0/default.jpg,1940-06-22T00:00:00,http://wellcomelibrary.org/item/b19974760#?c=0&m=869&s=0&cv=17,"The chemist and druggist, issue 3150 - 22. June 1940",b19974760,869,17
https://dlcs.io/iiif-img/2/1/78beda22-edcc-4905-a9d6-08300bac149a/0%2c0%2c2306%2c3817/212%2c321/0/default.jpg,1940-12-07T00:00:00,http://wellcomelibrary.org/item/b19974760#?c=0&m=893&s=0&cv=40,"The chemist and druggist, issue 3174 - 7. December 1940",b19974760,893,40
https://dlcs.io/iiif-img/2/1/902eae34-f1e3-4209-a2b7-2a197750822d/0%2c0%2c2306%2c3817/212%2c321/0/default.jpg,1940-12-14T00:00:00,http://wellcomelibrary.org/item/b19974760#?c=0&m=894&s=0&cv=38,"The chemist and druggist, issue 3175 - 14. December 1940",b19974760,894,38
https://dlcs.io/iiif-img/2/1/b767922f-7cf2-46e5-bcba-66b910e14a51/0%2c0%2c2306%2c3817/212%2c321/0/default.jpg,1941-06-28T00:00:00,http://wellcomelibrary.org/item/b19974760#?c=0&m=922&s=0&cv=40,"The chemist and druggist, issue 3203 - 28. June 1941",b19974760,922,40
https://dlcs.io/iiif-img/2/1/201f4ef4-0317-4adf-a7b1-86174fc9805d/0%2c0%2c2306%2c3817/212%2c321/0/default.jpg,1941-06-28T00:00:00,http://wellcomelibrary.org/item/b19974760#?c=0&m=922&s=0&cv=111,"The chemist and druggist, issue 3203 - 28. June 1941",b19974760,922,111
https://dlcs.io/iiif-img/2/1/a77f0c76-656c-4423-9c4c-85e3b30e3f27/0%2c0%2c2306%2c3817/212%2c321/0/default.jpg,1941-07-26T00:00:00,http://wellcomelibrary.org/item/b19974760#?c=0&m=926&s=0&cv=59,"The chemist and druggist, issue 3207 - 26. July 1941",b19974760,926,59
https://dlcs.io/iiif-img/2/1/8253ece7-e42e-441a-a469-76f76a115387/0%2c0%2c2306%2c3817/212%2c321/0/default.jpg,1941-08-23T00:00:00,http://wellcomelibrary.org/item/b19974760#?c=0&m=930&s=0&cv=36,"The chemist and druggist, issue 3211 - 23. August 1941",b19974760,930,36
https://dlcs.io/iiif-img/2/1/550390d6-09d6-4551-ba0d-d163f5103348/0%2c0%2c2306%2c3817/212%2c321/0/default.jpg,1941-09-27T00:00:00,http://wellcomelibrary.org/item/b19974760#?c=0&m=935&s=0&cv=41,"The chemist and druggist, issue 3216 - 27. September 1941",b19974760,935,41
https://dlcs.io/iiif-img/2/1/95452215-578d-4233-960f-28f2acbae733/0%2c0%2c2306%2c3817/212%2c321/0/default.jpg,1941-10-25T00:00:00,http://wellcomelibrary.org/item/b19974760#?c=0&m=939&s=0&cv=65,"The chemist and druggist, issue 3220 - 25. October 1941",b19974760,939,65
https://dlcs.io/iiif-img/2/1/1ed40bd9-b9d6-46d4-be3e-f09e3c9568b0/0%2c0%2c2306%2c3817/212%2c321/0/default.jpg,1941-11-29T00:00:00,http://wellcomelibrary.org/item/b19974760#?c=0&m=944&s=0&cv=58,"The chemist and druggist, issue 3225 - 29. November 1941",b19974760,944,58
https://dlcs.io/iiif-img/2/1/dac03841-2d62-4500-a93b-bb804148277e/0%2c0%2c2306%2c3817/212%2c321/0/default.jpg,1941-12-27T00:00:00,http://wellcomelibrary.org/item/b19974760#?c=0&m=948&s=0&cv=19,"The chemist and druggist, issue 3229 - 27. December 1941",b19974760,948,19
https://dlcs.io/iiif-img/2/1/e565c2cb-3e2c-4bdb-933d-8ebb67f8d4f0/0%2c0%2c2306%2c3817/212%2c321/0/default.jpg,1942-01-10T00:00:00,http://wellcomelibrary.org/item/b19974760#?c=0&m=950&s=0&cv=67,"The chemist and druggist, issue 3231 - 10. January 1942",b19974760,950,67
https://dlcs.io/iiif-img/2/1/420555cc-8ff3-4058-8855-51697a90d535/0%2c0%2c2306%2c3817/212%2c321/0/default.jpg,1942-02-21T00:00:00,http://wellcomelibrary.org/item/b19974760#?c=0&m=956&s=0&cv=73,"The chemist and druggist, issue 3237 - 21. February 1942",b19974760,956,73
https://dlcs.io/iiif-img/2/1/976c6a6e-343c-40ad-9b24-6215972f68e9/0%2c0%2c2306%2c3817/212%2c321/0/default.jpg,1942-03-07T00:00:00,http://wellcomelibrary.org/item/b19974760#?c=0&m=958&s=0&cv=63,"The chemist and druggist, issue 3239 - 7. March 1942",b19974760,958,63
https://dlcs.io/iiif-img/2/1/369a0259-4155-473a-961c-acb613ec4cd1/0%2c0%2c2306%2c3817/212%2c321/0/default.jpg,1942-08-29T00:00:00,http://wellcomelibrary.org/item/b19974760#?c=0&m=983&s=0&cv=30,"The chemist and druggist, issue 3264 - 29. August 1942",b19974760,983,30
https://dlcs.io/iiif-img/2/1/8a062374-ce78-4591-a423-29660ae51533/0%2c0%2c2306%2c3817/212%2c321/0/default.jpg,1942-09-05T00:00:00,http://wellcomelibrary.org/item/b19974760#?c=0&m=984&s=0&cv=61,"The chemist and druggist, issue 3265 - 5. September 1942",b19974760,984,61
https://dlcs.io/iiif-img/2/1/bb49e378-f17e-4114-a082-ac826cf2b42b/0%2c0%2c2306%2c3817/212%2c321/0/default.jpg,1942-10-03T00:00:00,http://wellcomelibrary.org/item/b19974760#?c=0&m=988&s=0&cv=68,"The chemist and druggist, issue 3269 - 3. October 1942",b19974760,988,68
https://dlcs.io/iiif-img/2/1/5841724d-2493-42bf-a3bb-3f745668abc2/0%2c0%2c2306%2c3817/212%2c321/0/default.jpg,1942-10-17T00:00:00,http://wellcomelibrary.org/item/b19974760#?c=0&m=990&s=0&cv=59,"The chemist and druggist, issue 3271 - 17. October 1942",b19974760,990,59
https://dlcs.io/iiif-img/2/1/08fcb45f-b206-44e2-9d56-bd3e5e5dc4c3/0%2c0%2c2306%2c3817/212%2c321/0/default.jpg,1942-10-31T00:00:00,http://wellcomelibrary.org/item/b19974760#?c=0&m=992&s=0&cv=37,"The chemist and druggist, issue 3273 - 31. October 1942",b19974760,992,37
https://dlcs.io/iiif-img/2/1/467114ca-3943-4dd7-9d65-4ec3294abd91/0%2c0%2c2306%2c3817/212%2c321/0/default.jpg,1942-11-07T00:00:00,http://wellcomelibrary.org/item/b19974760#?c=0&m=993&s=0&cv=65,"The chemist and druggist, issue 3274 - 7. November 1942",b19974760,993,65
https://dlcs.io/iiif-img/2/1/1208a79f-0069-4563-8df7-efa62202ef0a/0%2c0%2c2306%2c3817/212%2c321/0/default.jpg,1942-11-28T00:00:00,http://wellcomelibrary.org/item/b19974760#?c=0&m=996&s=0&cv=62,"The chemist and druggist, issue 3277 - 28. November 1942",b19974760,996,62
https://dlcs.io/iiif-img/2/1/72216b1c-08af-4555-8bfe-8ae649fb6e57/0%2c0%2c2306%2c3817/212%2c321/0/default.jpg,1942-12-05T00:00:00,http://wellcomelibrary.org/item/b19974760#?c=0&m=997&s=0&cv=59,"The chemist and druggist, issue 3278 - 5. December 1942",b19974760,997,59
https://dlcs.io/iiif-img/2/1/4307804a-ed4c-49d5-99bd-ac0f4d08bd4f/0%2c0%2c2306%2c3817/212%2c321/0/default.jpg,1943-01-02T00:00:00,http://wellcomelibrary.org/item/b19974760#?c=0&m=1001&s=0&cv=60,"The chemist and druggist, issue 3282 - 2. January 1943",b19974760,1001,60
https://dlcs.io/iiif-img/2/1/a11d9eda-bc47-4a29-9c43-57fc34b96ad5/0%2c0%2c2306%2c3817/212%2c321/0/default.jpg,1943-02-06T00:00:00,http://wellcomelibrary.org/item/b19974760#?c=0&m=1006&s=0&cv=63,"The chemist and druggist, issue 3287 - 6. February 1943",b19974760,1006,63
https://dlcs.io/iiif-img/2/1/04dbf58a-c353-4dbc-8ea3-b2b6a7bdd824/0%2c0%2c2306%2c3817/212%2c321/0/default.jpg,1943-02-27T00:00:00,http://wellcomelibrary.org/item/b19974760#?c=0&m=1009&s=0&cv=60,"The chemist and druggist, issue 3290 - 27. February 1943",b19974760,1009,60
https://dlcs.io/iiif-img/2/1/107f7cc0-ffcf-4a5a-a941-e02fe8a52f09/0%2c0%2c2306%2c3817/212%2c321/0/default.jpg,1943-03-06T00:00:00,http://wellcomelibrary.org/item/b19974760#?c=0&m=1010&s=0&cv=61,"The chemist and druggist, issue 3291 - 6. March 1943",b19974760,1010,61
https://dlcs.io/iiif-img/2/1/6c85aa7e-2485-411c-b9ef-cbf8adb032c6/0%2c0%2c2306%2c3817/212%2c321/0/default.jpg,1943-04-03T00:00:00,http://wellcomelibrary.org/item/b19974760#?c=0&m=1014&s=0&cv=67,"The chemist and druggist, issue 3295 - 3. April 1943",b19974760,1014,67
https://dlcs.io/iiif-img/2/1/4962cd20-8142-435d-aa64-ea96609be70b/0%2c0%2c2306%2c3817/212%2c321/0/default.jpg,1943-05-01T00:00:00,http://wellcomelibrary.org/item/b19974760#?c=0&m=1018&s=0&cv=67,"The chemist and druggist, issue 3299 - 1. May 1943",b19974760,1018,67
https://dlcs.io/iiif-img/2/1/486d7e2d-9b48-4f10-928c-a8718da1a328/0%2c0%2c2306%2c3817/212%2c321/0/default.jpg,1943-06-05T00:00:00,http://wellcomelibrary.org/item/b19974760#?c=0&m=1023&s=0&cv=62,"The chemist and druggist, issue 3304 - 5. June 1943",b19974760,1023,62
https://dlcs.io/iiif-img/2/1/51deb812-eb3b-428e-a3fe-46f2d95d3c07/0%2c0%2c2306%2c3817/212%2c321/0/default.jpg,1943-07-03T00:00:00,http://wellcomelibrary.org/item/b19974760#?c=0&m=1039&s=0&cv=59,"The chemist and druggist, issue 3308 - 3. July 1943",b19974760,1039,59
https://dlcs.io/iiif-img/2/1/8ffb0c8b-cc93-4786-9a7f-9140008b2323/0%2c0%2c2306%2c3817/212%2c321/0/default.jpg,1943-09-04T00:00:00,http://wellcomelibrary.org/item/b19974760#?c=0&m=1048&s=0&cv=57,"The chemist and druggist, issue 3317 - 4. September 1943",b19974760,1048,57
https://dlcs.io/iiif-img/2/1/b2e420d7-6f8e-4567-a352-ea7a386cd8cf/0%2c0%2c2306%2c3817/212%2c321/0/default.jpg,1943-10-02T00:00:00,http://wellcomelibrary.org/item/b19974760#?c=0&m=1052&s=0&cv=57,"The chemist and druggist, issue 3321 - 2. October 1943",b19974760,1052,57
https://dlcs.io/iiif-img/2/1/82f06e56-db93-4f72-b570-2c14a81397c3/0%2c0%2c2306%2c3817/212%2c321/0/default.jpg,1943-10-16T00:00:00,http://wellcomelibrary.org/item/b19974760#?c=0&m=1054&s=0&cv=60,"The chemist and druggist, issue 3323 - 16. October 1943",b19974760,1054,60
https://dlcs.io/iiif-img/2/1/1d7b79ca-0188-4f04-8623-2873aba1ff6e/0%2c0%2c2306%2c3817/212%2c321/0/default.jpg,1943-11-06T00:00:00,http://wellcomelibrary.org/item/b19974760#?c=0&m=1057&s=0&cv=61,"The chemist and druggist, issue 3326 - 6. November 1943",b19974760,1057,61
https://dlcs.io/iiif-img/2/1/069a7dea-8b14-4807-ab9a-50e2de313148/0%2c0%2c2306%2c3817/212%2c321/0/default.jpg,1943-12-04T00:00:00,http://wellcomelibrary.org/item/b19974760#?c=0&m=1061&s=0&cv=63,"The chemist and druggist, issue 3330 - 4. December 1943",b19974760,1061,63
https://dlcs.io/iiif-img/2/1/48f42cbe-5a1f-47e7-b7c2-0b32197f9be6/0%2c0%2c2306%2c3817/212%2c321/0/default.jpg,1944-01-01T00:00:00,http://wellcomelibrary.org/item/b19974760#?c=0&m=1065&s=0&cv=67,"The chemist and druggist, issue 3334 - 1. January 1944",b19974760,1065,67
https://dlcs.io/iiif-img/2/1/ff857c8f-fc22-4c9f-9ba4-2426e014b4f8/0%2c0%2c2306%2c3817/212%2c321/0/default.jpg,1944-01-22T00:00:00,http://wellcomelibrary.org/item/b19974760#?c=0&m=1068&s=0&cv=62,"The chemist and druggist, issue 3337 - 22. January 1944",b19974760,1068,62
https://dlcs.io/iiif-img/2/1/bea4a9c0-dcfd-4530-bdf9-181d570db815/0%2c0%2c2306%2c3817/212%2c321/0/default.jpg,1944-03-04T00:00:00,http://wellcomelibrary.org/item/b19974760#?c=0&m=1074&s=0&cv=15,"The chemist and druggist, issue 3343 - 4. March 1944",b19974760,1074,15
https://dlcs.io/iiif-img/2/1/551098c6-4573-4cb1-bb59-90b9944c5b24/0%2c0%2c2306%2c3817/212%2c321/0/default.jpg,1944-04-01T00:00:00,http://wellcomelibrary.org/item/b19974760#?c=0&m=1078&s=0&cv=65,"The chemist and druggist, issue 3347 - 1. April 1944",b19974760,1078,65
https://dlcs.io/iiif-img/2/1/5c112f82-3631-4c3b-a2a3-860f7c9f875b/0%2c0%2c2306%2c3817/212%2c321/0/default.jpg,1944-04-22T00:00:00,http://wellcomelibrary.org/item/b19974760#?c=0&m=1081&s=0&cv=59,"The chemist and druggist, issue 3350 - 22. April 1944",b19974760,1081,59
https://dlcs.io/iiif-img/2/1/5e726fab-21bd-4053-a682-fc6870fb4be3/0%2c0%2c2306%2c3817/212%2c321/0/default.jpg,1944-05-06T00:00:00,http://wellcomelibrary.org/item/b19974760#?c=0&m=1083&s=0&cv=66,"The chemist and druggist, issue 3352 - 6. May 1944",b19974760,1083,66
https://dlcs.io/iiif-img/2/1/d4f87e54-8a97-419f-a17a-b8def1add1ea/0%2c0%2c2306%2c3817/212%2c321/0/default.jpg,1944-05-27T00:00:00,http://wellcomelibrary.org/item/b19974760#?c=0&m=1086&s=0&cv=22,"The chemist and druggist, issue 3355 - 27. May 1944",b19974760,1086,22
https://dlcs.io/iiif-img/2/1/913acaf5-4720-4f2b-b138-f7461e64ba53/0%2c0%2c2306%2c3817/212%2c321/0/default.jpg,1944-06-03T00:00:00,http://wellcomelibrary.org/item/b19974760#?c=0&m=1087&s=0&cv=25,"The chemist and druggist, issue 3356 - 3. June 1944",b19974760,1087,25
https://dlcs.io/iiif-img/2/1/825587ab-8c74-4d15-a4a6-bd32fe6c828c/0%2c0%2c2306%2c3817/212%2c321/0/default.jpg,1944-06-24T00:00:00,http://wellcomelibrary.org/item/b19974760#?c=0&m=1090&s=0&cv=11,"The chemist and druggist, issue 3359 - 24. June 1944",b19974760,1090,11
https://dlcs.io/iiif-img/2/1/4789ff6a-4494-438a-8223-efd7dd688617/0%2c0%2c2306%2c3817/212%2c321/0/default.jpg,1944-07-01T00:00:00,http://wellcomelibrary.org/item/b19974760#?c=0&m=1091&s=0&cv=17,"The chemist and druggist, issue 3360 - 1. July 1944",b19974760,1091,17
https://dlcs.io/iiif-img/2/1/b0dfb450-ed8d-47d5-b8ec-1aca657a15aa/0%2c0%2c2306%2c3817/212%2c321/0/default.jpg,1944-08-05T00:00:00,http://wellcomelibrary.org/item/b19974760#?c=0&m=1096&s=0&cv=9,"The chemist and druggist, issue 3365 - 5. August 1944",b19974760,1096,9
https://dlcs.io/iiif-img/2/1/680aa403-97b0-4f6a-ba17-e975720ecb61/0%2c0%2c2306%2c3817/212%2c321/0/default.jpg,1944-08-26T00:00:00,http://wellcomelibrary.org/item/b19974760#?c=0&m=1099&s=0&cv=14,"The chemist and druggist, issue 3368 - 26. August 1944",b19974760,1099,14
https://dlcs.io/iiif-img/2/1/254fe593-1c3a-443b-a70c-271bd60b157b/0%2c0%2c2306%2c3817/212%2c321/0/default.jpg,1944-09-02T00:00:00,http://wellcomelibrary.org/item/b19974760#?c=0&m=1100&s=0&cv=13,"The chemist and druggist, issue 3369 - 2. September 1944",b19974760,1100,13
https://dlcs.io/iiif-img/2/1/9471436a-7dce-4207-a4d6-55e413de0c82/0%2c0%2c2306%2c3817/212%2c321/0/default.jpg,1944-10-07T00:00:00,http://wellcomelibrary.org/item/b19974760#?c=0&m=1105&s=0&cv=12,"The chemist and druggist, issue 3374 - 7. October 1944",b19974760,1105,12
https://dlcs.io/iiif-img/2/1/6a2f36f9-54be-4466-87d3-17c6c35efa95/0%2c0%2c2306%2c3817/212%2c321/0/default.jpg,1944-11-04T00:00:00,http://wellcomelibrary.org/item/b19974760#?c=0&m=1109&s=0&cv=38,"The chemist and druggist, issue 3378 - 4. November 1944",b19974760,1109,38
https://dlcs.io/iiif-img/2/1/6222906f-8c0e-487f-9121-67c878748afc/0%2c0%2c2306%2c3817/212%2c321/0/default.jpg,1944-12-02T00:00:00,http://wellcomelibrary.org/item/b19974760#?c=0&m=1113&s=0&cv=12,"The chemist and druggist, issue 3382 - 2. December 1944",b19974760,1113,12
https://dlcs.io/iiif-img/2/1/96525dce-9ea1-4904-b052-24e4d83d280c/0%2c0%2c2306%2c3817/212%2c321/0/default.jpg,1944-12-09T00:00:00,http://wellcomelibrary.org/item/b19974760#?c=0&m=1114&s=0&cv=13,"The chemist and druggist, issue 3383 - 9. December 1944",b19974760,1114,13
https://dlcs.io/iiif-img/2/1/617fb6e4-4739-4765-b384-62fa91e2e559/0%2c0%2c2306%2c3817/212%2c321/0/default.jpg,1944-12-16T00:00:00,http://wellcomelibrary.org/item/b19974760#?c=0&m=1115&s=0&cv=13,"The chemist and druggist, issue 3384 - 16. December 1944",b19974760,1115,13
https://dlcs.io/iiif-img/2/1/4a11a43f-e397-4a43-abaa-e036af1000ff/0%2c0%2c2306%2c3817/212%2c321/0/default.jpg,1944-12-23T00:00:00,http://wellcomelibrary.org/item/b19974760#?c=0&m=1116&s=0&cv=13,"The chemist and druggist, issue 3385 - 23. December 1944",b19974760,1116,13
https://dlcs.io/iiif-img/2/1/bbcf5d86-8a38-4638-a60a-dd3bafeae79e/0%2c0%2c2306%2c3817/212%2c321/0/default.jpg,1944-12-30T00:00:00,http://wellcomelibrary.org/item/b19974760#?c=0&m=1117&s=0&cv=63,"The chemist and druggist, issue 3386 - 30. December 1944",b19974760,1117,63
https://dlcs.io/iiif-img/2/1/415630a3-90fa-4bbb-b89b-47d943cb16bb/0%2c0%2c2306%2c3817/212%2c321/0/default.jpg,1945-02-03T00:00:00,http://wellcomelibrary.org/item/b19974760#?c=0&m=1122&s=0&cv=15,"The chemist and druggist, issue 3391 - 3. February 1945",b19974760,1122,15
https://dlcs.io/iiif-img/2/1/7385dd2f-006a-494f-a487-b501636e4f2c/0%2c0%2c2306%2c3817/212%2c321/0/default.jpg,1945-04-07T00:00:00,http://wellcomelibrary.org/item/b19974760#?c=0&m=1131&s=0&cv=25,"The chemist and druggist, issue 3400 - 7. April 1945",b19974760,1131,25
https://dlcs.io/iiif-img/2/1/8dcc8efa-a6ec-4056-9b2d-36b5025e762e/0%2c0%2c2306%2c3817/212%2c321/0/default.jpg,1945-04-28T00:00:00,http://wellcomelibrary.org/item/b19974760#?c=0&m=1134&s=0&cv=13,"The chemist and druggist, issue 3403 - 28. April 1945",b19974760,1134,13
https://dlcs.io/iiif-img/2/1/6e547e64-b514-4f00-afbc-3f1299eae99a/0%2c0%2c2306%2c3817/212%2c321/0/default.jpg,1945-05-05T00:00:00,http://wellcomelibrary.org/item/b19974760#?c=0&m=1135&s=0&cv=23,"The chemist and druggist, issue 3404 - 5. May 1945",b19974760,1135,23
https://dlcs.io/iiif-img/2/1/c695a592-f8ad-4e08-8dd8-06e320ef29b0/0%2c0%2c2306%2c3817/212%2c321/0/default.jpg,1945-06-02T00:00:00,http://wellcomelibrary.org/item/b19974760#?c=0&m=1139&s=0&cv=5,"The chemist and druggist, issue 3408 - 2. June 1945",b19974760,1139,5
https://dlcs.io/iiif-img/2/1/8bf2bc0a-9c83-42f7-a82e-c8a4fec76918/0%2c0%2c2306%2c3817/212%2c321/0/default.jpg,1945-08-04T00:00:00,http://wellcomelibrary.org/item/b19974760#?c=0&m=1148&s=0&cv=12,"The chemist and druggist, issue 3417 - 4. August 1945",b19974760,1148,12
https://dlcs.io/iiif-img/2/1/eaa8134d-5f8f-44c8-b155-d0296b00b004/0%2c0%2c2306%2c3817/212%2c321/0/default.jpg,1945-09-01T00:00:00,http://wellcomelibrary.org/item/b19974760#?c=0&m=1152&s=0&cv=18,"The chemist and druggist, issue 3421 - 1. September 1945",b19974760,1152,18
https://dlcs.io/iiif-img/2/1/8e66cf79-d4c3-48e5-aed4-19fff028a8cc/0%2c0%2c2306%2c3817/212%2c321/0/default.jpg,1945-10-06T00:00:00,http://wellcomelibrary.org/item/b19974760#?c=0&m=1157&s=0&cv=16,"The chemist and druggist, issue 3426 - 6. October 1945",b19974760,1157,16
https://dlcs.io/iiif-img/2/1/80c6d138-60d6-40cd-810a-280cc71b0300/0%2c0%2c2306%2c3817/212%2c321/0/default.jpg,1945-10-06T00:00:00,http://wellcomelibrary.org/item/b19974760#?c=0&m=1157&s=0&cv=19,"The chemist and druggist, issue 3426 - 6. October 1945",b19974760,1157,19
https://dlcs.io/iiif-img/2/1/798fb5ed-8f68-47e3-8bf0-07271e9376bc/0%2c0%2c2306%2c3817/212%2c321/0/default.jpg,1945-11-03T00:00:00,http://wellcomelibrary.org/item/b19974760#?c=0&m=1161&s=0&cv=26,"The chemist and druggist, issue 3430 - 3. November 1945",b19974760,1161,26
https://dlcs.io/iiif-img/2/1/61590a95-6dca-4a41-b7ef-555f8bc2ee6a/0%2c0%2c2306%2c3817/212%2c321/0/default.jpg,1945-11-24T00:00:00,http://wellcomelibrary.org/item/b19974760#?c=0&m=1164&s=0&cv=25,"The chemist and druggist, issue 3433 - 24. November 1945",b19974760,1164,25
https://dlcs.io/iiif-img/2/1/0ba7c5b0-c460-4468-b35f-e4876052b21a/0%2c0%2c2306%2c3817/212%2c321/0/default.jpg,1945-12-01T00:00:00,http://wellcomelibrary.org/item/b19974760#?c=0&m=1165&s=0&cv=18,"The chemist and druggist, issue 3434 - 1. December 1945",b19974760,1165,18
https://dlcs.io/iiif-img/2/1/272b50a8-4576-43be-a3a2-6e854e2c5f8f/0%2c0%2c2306%2c3817/212%2c321/0/default.jpg,1945-12-15T00:00:00,http://wellcomelibrary.org/item/b19974760#?c=0&m=1167&s=0&cv=24,"The chemist and druggist, issue 3436 - 15. December 1945",b19974760,1167,24
https://dlcs.io/iiif-img/2/1/cc6ae9e3-b7ae-4937-b4e1-d76ad5c030bd/0%2c0%2c2306%2c3817/212%2c321/0/default.jpg,1946-01-05T00:00:00,http://wellcomelibrary.org/item/b19974760#?c=0&m=1170&s=0&cv=84,"The chemist and druggist, issue 3439 - 5. January 1946",b19974760,1170,84
https://dlcs.io/iiif-img/2/1/08f1c21f-82fd-4e7b-9ae2-a95e21643aa6/0%2c0%2c2306%2c3817/212%2c321/0/default.jpg,1946-02-09T00:00:00,http://wellcomelibrary.org/item/b19974760#?c=0&m=1175&s=0&cv=17,"The chemist and druggist, issue 3444 - 9. February 1946",b19974760,1175,17
https://dlcs.io/iiif-img/2/1/23837f57-a94d-41b8-86e9-681efbd324aa/0%2c0%2c2306%2c3817/212%2c321/0/default.jpg,1946-02-09T00:00:00,http://wellcomelibrary.org/item/b19974760#?c=0&m=1175&s=0&cv=41,"The chemist and druggist, issue 3444 - 9. February 1946",b19974760,1175,41
https://dlcs.io/iiif-img/2/1/6da7a03a-e27e-460a-94c4-fa381fb86d90/0%2c0%2c2306%2c3817/212%2c321/0/default.jpg,1946-02-23T00:00:00,http://wellcomelibrary.org/item/b19974760#?c=0&m=1177&s=0&cv=24,"The chemist and druggist, issue 3446 - 23. February 1946",b19974760,1177,24
https://dlcs.io/iiif-img/2/1/36a4548b-5cb3-45c0-a8b5-09718d647d9b/0%2c0%2c2306%2c3817/212%2c321/0/default.jpg,1946-03-02T00:00:00,http://wellcomelibrary.org/item/b19974760#?c=0&m=1178&s=0&cv=29,"The chemist and druggist, issue 3447 - 2. March 1946",b19974760,1178,29
https://dlcs.io/iiif-img/2/1/e0efe0b3-8679-4b92-a952-bb8b1e36a990/0%2c0%2c2306%2c3817/212%2c321/0/default.jpg,1946-04-06T00:00:00,http://wellcomelibrary.org/item/b19974760#?c=0&m=1183&s=0&cv=84,"The chemist and druggist, issue 3452 - 6. April 1946",b19974760,1183,84
https://dlcs.io/iiif-img/2/1/f3f6542b-44ef-4d85-ae82-b5b830a5e1b9/0%2c0%2c2306%2c3817/212%2c321/0/default.jpg,1946-05-04T00:00:00,http://wellcomelibrary.org/item/b19974760#?c=0&m=1187&s=0&cv=25,"The chemist and druggist, issue 3456 - 4. May 1946",b19974760,1187,25
https://dlcs.io/iiif-img/2/1/c0c4868b-7c4c-4db4-ba52-db0840d9abd9/0%2c0%2c2306%2c3817/212%2c321/0/default.jpg,1946-05-04T00:00:00,http://wellcomelibrary.org/item/b19974760#?c=0&m=1187&s=0&cv=56,"The chemist and druggist, issue 3456 - 4. May 1946",b19974760,1187,56
https://dlcs.io/iiif-img/2/1/984af717-0563-4082-8e68-c3406c0bfc96/0%2c0%2c2306%2c3817/212%2c321/0/default.jpg,1946-06-01T00:00:00,http://wellcomelibrary.org/item/b19974760#?c=0&m=1191&s=0&cv=13,"The chemist and druggist, issue 3460 - 1. June 1946",b19974760,1191,13
https://dlcs.io/iiif-img/2/1/335ef469-cb09-4fe4-bcf8-55b7d0466c20/0%2c0%2c2306%2c3817/212%2c321/0/default.jpg,1946-07-06T00:00:00,http://wellcomelibrary.org/item/b19974760#?c=0&m=1196&s=0&cv=27,"The chemist and druggist, issue 3465 - 6. July 1946",b19974760,1196,27
https://dlcs.io/iiif-img/2/1/acd3046e-3dfc-4105-989a-1170fc3d9a42/0%2c0%2c2306%2c3817/212%2c321/0/default.jpg,1946-08-03T00:00:00,http://wellcomelibrary.org/item/b19974760#?c=0&m=1200&s=0&cv=27,"The chemist and druggist, issue 3469 - 3. August 1946",b19974760,1200,27
https://dlcs.io/iiif-img/2/1/d9eaac88-f1b5-47f5-8ccd-10f74cf80adf/0%2c0%2c2306%2c3817/212%2c321/0/default.jpg,1946-10-05T00:00:00,http://wellcomelibrary.org/item/b19974760#?c=0&m=1209&s=0&cv=26,"The chemist and druggist, issue 3478 - 5. October 1946",b19974760,1209,26
https://dlcs.io/iiif-img/2/1/42645fd4-fb0f-4092-9d2b-5bdbbf153c32/0%2c0%2c2306%2c3817/212%2c321/0/default.jpg,1946-11-02T00:00:00,http://wellcomelibrary.org/item/b19974760#?c=0&m=1213&s=0&cv=28,"The chemist and druggist, issue 3482 - 2. November 1946",b19974760,1213,28
https://dlcs.io/iiif-img/2/1/4bdc869b-19cd-45e1-bdc8-133ec32b8324/0%2c0%2c2306%2c3817/212%2c321/0/default.jpg,1947-10-04T00:00:00,http://wellcomelibrary.org/item/b19974760#?c=0&m=1235&s=0&cv=11,"The chemist and druggist, issue 3528 - 4. October 1947",b19974760,1235,11
https://dlcs.io/iiif-img/2/1/375322ed-6282-4801-818b-aa152e92854a/0%2c0%2c2306%2c3817/212%2c321/0/default.jpg,1947-10-18T00:00:00,http://wellcomelibrary.org/item/b19974760#?c=0&m=1237&s=0&cv=42,"The chemist and druggist, issue 3530 - 18. October 1947",b19974760,1237,42
https://dlcs.io/iiif-img/2/1/3d49758b-1677-40ec-b6ab-b4a325033007/0%2c0%2c2306%2c3817/212%2c321/0/default.jpg,1947-11-01T00:00:00,http://wellcomelibrary.org/item/b19974760#?c=0&m=1239&s=0&cv=89,"The chemist and druggist, issue 3532 - 1. November 1947",b19974760,1239,89
https://dlcs.io/iiif-img/2/1/98718b87-0804-460f-86d8-079709be6587/0%2c0%2c2306%2c3817/212%2c321/0/default.jpg,1947-12-06T00:00:00,http://wellcomelibrary.org/item/b19974760#?c=0&m=1244&s=0&cv=84,"The chemist and druggist, issue 3537 - 6. December 1947",b19974760,1244,84
https://dlcs.io/iiif-img/2/1/b7132099-38f0-448b-bd9c-806aa86e5d65/0%2c0%2c2306%2c3817/212%2c321/0/default.jpg,1948-01-03T00:00:00,http://wellcomelibrary.org/item/b19974760#?c=0&m=1248&s=0&cv=29,"The chemist and druggist, issue 3541 - 3. January 1948",b19974760,1248,29
https://dlcs.io/iiif-img/2/1/3c3e9a81-975f-4699-9b19-825fb02375bd/0%2c0%2c2306%2c3817/212%2c321/0/default.jpg,1948-02-07T00:00:00,http://wellcomelibrary.org/item/b19974760#?c=0&m=1253&s=0&cv=24,"The chemist and druggist, issue 3546 - 7. February 1948",b19974760,1253,24
https://dlcs.io/iiif-img/2/1/503f54c3-1fcf-4477-a02d-533e4e867408/0%2c0%2c2306%2c3817/212%2c321/0/default.jpg,1948-07-31T00:00:00,http://wellcomelibrary.org/item/b19974760#?c=0&m=1291&s=0&cv=81,"The chemist and druggist, issue 3571 - 31. July 1948",b19974760,1291,81
https://dlcs.io/iiif-img/2/1/3fcad110-76ae-4b8b-a340-d6d6568b079d/0%2c0%2c2306%2c3817/212%2c321/0/default.jpg,1948-08-28T00:00:00,http://wellcomelibrary.org/item/b19974760#?c=0&m=1295&s=0&cv=101,"The chemist and druggist, issue 3575 - 28. August 1948",b19974760,1295,101
https://dlcs.io/iiif-img/2/1/92fa0760-d162-425f-94c5-7f137b4f9a9f/0%2c0%2c2306%2c3817/212%2c321/0/default.jpg,1948-09-25T00:00:00,http://wellcomelibrary.org/item/b19974760#?c=0&m=1299&s=0&cv=100,"The chemist and druggist, issue 3579 - 25. September 1948",b19974760,1299,100
https://dlcs.io/iiif-img/2/1/534936bd-8a8b-4e7b-acd4-cefbd3bf91ce/0%2c0%2c2306%2c3817/212%2c321/0/default.jpg,1948-10-30T00:00:00,http://wellcomelibrary.org/item/b19974760#?c=0&m=1304&s=0&cv=78,"The chemist and druggist, issue 3584 - 30. October 1948",b19974760,1304,78
https://dlcs.io/iiif-img/2/1/ac5338fa-18f8-4d75-9458-1406be51b240/0%2c0%2c2306%2c3817/212%2c321/0/default.jpg,1949-05-07T00:00:00,http://wellcomelibrary.org/item/b19974760#?c=0&m=1331&s=0&cv=107,"The chemist and druggist, issue 3611 - 7. May 1949",b19974760,1331,107
https://dlcs.io/iiif-img/2/1/9add8e3a-bb45-41fa-97d5-c6e8e77db2e2/0%2c0%2c2306%2c3817/212%2c321/0/default.jpg,1949-05-28T00:00:00,http://wellcomelibrary.org/item/b19974760#?c=0&m=1334&s=0&cv=123,"The chemist and druggist, issue 3614 - 28. May 1949",b19974760,1334,123
https://dlcs.io/iiif-img/2/1/68c49241-471e-4be2-8f3c-9f0d2e3794e8/0%2c0%2c2306%2c3817/212%2c321/0/default.jpg,1949-06-04T00:00:00,http://wellcomelibrary.org/item/b19974760#?c=0&m=1335&s=0&cv=95,"The chemist and druggist, issue 3615 - 4. June 1949",b19974760,1335,95
https://dlcs.io/iiif-img/2/1/25fa938d-67e1-42cb-8849-f421e5f3482d/0%2c0%2c2306%2c3817/212%2c321/0/default.jpg,1949-07-02T00:00:00,http://wellcomelibrary.org/item/b19974760#?c=0&m=1339&s=0&cv=25,"The chemist and druggist, issue 3619 - 2. July 1949",b19974760,1339,25
https://dlcs.io/iiif-img/2/1/03268513-10f5-4268-8565-f440dd30e32f/0%2c0%2c2306%2c3817/212%2c321/0/default.jpg,1949-08-06T00:00:00,http://wellcomelibrary.org/item/b19974760#?c=0&m=1344&s=0&cv=109,"The chemist and druggist, issue 3624 - 6. August 1949",b19974760,1344,109
https://dlcs.io/iiif-img/2/1/14a3c66c-2c51-4643-874e-8fd82be6b02d/0%2c0%2c2306%2c3817/212%2c321/0/default.jpg,1949-09-03T00:00:00,http://wellcomelibrary.org/item/b19974760#?c=0&m=1348&s=0&cv=31,"The chemist and druggist, issue 3628 - 3. September 1949",b19974760,1348,31
https://dlcs.io/iiif-img/2/1/fad731ef-b25e-4cdd-94e9-0885b9f54e9e/0%2c0%2c2306%2c3817/212%2c321/0/default.jpg,1949-10-01T00:00:00,http://wellcomelibrary.org/item/b19974760#?c=0&m=1352&s=0&cv=55,"The chemist and druggist, issue 3632 - 1. October 1949",b19974760,1352,55
https://dlcs.io/iiif-img/2/1/3f436a69-e678-43c6-b6d3-3b66f4596e54/0%2c0%2c2306%2c3817/212%2c321/0/default.jpg,1949-10-01T00:00:00,http://wellcomelibrary.org/item/b19974760#?c=0&m=1352&s=0&cv=103,"The chemist and druggist, issue 3632 - 1. October 1949",b19974760,1352,103
https://dlcs.io/iiif-img/2/1/9e8d6933-c856-40b8-a28b-4383da69faf4/0%2c0%2c2306%2c3817/212%2c321/0/default.jpg,1949-11-05T00:00:00,http://wellcomelibrary.org/item/b19974760#?c=0&m=1357&s=0&cv=31,"The chemist and druggist, issue 3637 - 5. November 1949",b19974760,1357,31
https://dlcs.io/iiif-img/2/1/957b6990-891b-4815-ada3-529f732bb766/0%2c0%2c2306%2c3817/212%2c321/0/default.jpg,1949-11-19T00:00:00,http://wellcomelibrary.org/item/b19974760#?c=0&m=1359&s=0&cv=62,"The chemist and druggist, issue 3639 - 19. November 1949",b19974760,1359,62
https://dlcs.io/iiif-img/2/1/4e35cfc1-1448-41bc-9a46-50e8741d5b1e/0%2c0%2c2306%2c3817/212%2c321/0/default.jpg,1949-12-03T00:00:00,http://wellcomelibrary.org/item/b19974760#?c=0&m=1361&s=0&cv=16,"The chemist and druggist, issue 3641 - 3. December 1949",b19974760,1361,16
https://dlcs.io/iiif-img/2/1/d129f70d-7e42-4252-8154-eb2852ca4aca/0%2c0%2c2306%2c3817/212%2c321/0/default.jpg,1949-12-10T00:00:00,http://wellcomelibrary.org/item/b19974760#?c=0&m=1362&s=0&cv=14,"The chemist and druggist, issue 3642 - 10. December 1949",b19974760,1362,14
https://dlcs.io/iiif-img/2/1/71b7a266-beef-4091-b49c-8175c44a4e69/0%2c0%2c2306%2c3817/212%2c321/0/default.jpg,1950-01-07T00:00:00,http://wellcomelibrary.org/item/b19974760#?c=0&m=1366&s=0&cv=99,"The chemist and druggist, issue 3646 - 7. January 1950",b19974760,1366,99
https://dlcs.io/iiif-img/2/1/7c758314-092c-4db6-b4a9-a54977991ac0/0%2c0%2c2306%2c3817/212%2c321/0/default.jpg,1950-03-11T00:00:00,http://wellcomelibrary.org/item/b19974760#?c=0&m=1375&s=0&cv=12,"The chemist and druggist, issue 3655 - 11. March 1950",b19974760,1375,12
https://dlcs.io/iiif-img/2/1/dd5e9765-8f4c-455d-88ba-4174d934abd3/0%2c0%2c2306%2c3817/212%2c321/0/default.jpg,1950-03-18T00:00:00,http://wellcomelibrary.org/item/b19974760#?c=0&m=1376&s=0&cv=60,"The chemist and druggist, issue 3656 - 18. March 1950",b19974760,1376,60
https://dlcs.io/iiif-img/2/1/9ef53e84-061b-4928-bd52-df0f1b3ddb7d/0%2c0%2c2306%2c3817/212%2c321/0/default.jpg,1950-06-17T00:00:00,http://wellcomelibrary.org/item/b19974760#?c=0&m=1389&s=0&cv=12,"The chemist and druggist, issue 3669 - 17. June 1950",b19974760,1389,12
https://dlcs.io/iiif-img/2/1/2196f952-1954-4c4c-b353-58894580a036/0%2c0%2c2306%2c3817/212%2c321/0/default.jpg,1950-07-01T00:00:00,http://wellcomelibrary.org/item/b19974760#?c=0&m=1391&s=0&cv=85,"The chemist and druggist, issue 3671 - 1. July 1950",b19974760,1391,85
https://dlcs.io/iiif-img/2/1/727bdddb-460e-4cfd-849b-ab87121a626c/0%2c0%2c2306%2c3817/212%2c321/0/default.jpg,1950-08-05T00:00:00,http://wellcomelibrary.org/item/b19974760#?c=0&m=1396&s=0&cv=87,"The chemist and druggist, issue 3676 - 5. August 1950",b19974760,1396,87
https://dlcs.io/iiif-img/2/1/28f4811a-c51e-4e46-ab1a-0c8d586fd965/0%2c0%2c2306%2c3817/212%2c321/0/default.jpg,1950-09-02T00:00:00,http://wellcomelibrary.org/item/b19974760#?c=0&m=1400&s=0&cv=25,"The chemist and druggist, issue 3680 - 2. September 1950",b19974760,1400,25
https://dlcs.io/iiif-img/2/1/be1ffb2e-cf6e-4651-b7ae-7d5629c03893/0%2c0%2c2306%2c3817/212%2c321/0/default.jpg,1950-11-04T00:00:00,http://wellcomelibrary.org/item/b19974760#?c=0&m=1409&s=0&cv=25,"The chemist and druggist, issue 3689 - 4. November 1950",b19974760,1409,25
https://dlcs.io/iiif-img/2/1/637d50cf-953b-4b97-9f71-50dbe8d2621e/0%2c0%2c2306%2c3817/212%2c321/0/default.jpg,1950-12-02T00:00:00,http://wellcomelibrary.org/item/b19974760#?c=0&m=1413&s=0&cv=97,"The chemist and druggist, issue 3693 - 2. December 1950",b19974760,1413,97
https://dlcs.io/iiif-img/2/1/d4f5f0bf-4be4-4464-852c-817fd990723a/0%2c0%2c2306%2c3817/212%2c321/0/default.jpg,1950-12-23T00:00:00,http://wellcomelibrary.org/item/b19974760#?c=0&m=1416&s=0&cv=46,"The chemist and druggist, issue 3696 - 23. December 1950",b19974760,1416,46
https://dlcs.io/iiif-img/2/1/2419dac8-d64e-489e-a33f-27075a9c99a3/0%2c0%2c2306%2c3817/212%2c321/0/default.jpg,1951-01-06T00:00:00,http://wellcomelibrary.org/item/b19974760#?c=0&m=1418&s=0&cv=68,"The chemist and druggist, issue 3698 - 6. January 1951",b19974760,1418,68
https://dlcs.io/iiif-img/2/1/c874fe7f-a12d-40c9-9d61-f8d293008dea/0%2c0%2c2306%2c3817/212%2c321/0/default.jpg,1951-07-07T00:00:00,http://wellcomelibrary.org/item/b19974760#?c=0&m=1444&s=0&cv=82,"The chemist and druggist, issue 3724 - 7. July 1951",b19974760,1444,82
https://dlcs.io/iiif-img/2/1/66f04a0c-d7b4-41d9-a6db-8f8271c6516d/0%2c0%2c2306%2c3817/212%2c321/0/default.jpg,1951-07-14T00:00:00,http://wellcomelibrary.org/item/b19974760#?c=0&m=1445&s=0&cv=11,"The chemist and druggist, issue 3725 - 14. July 1951",b19974760,1445,11
https://dlcs.io/iiif-img/2/1/13d1e84d-8749-4d30-a93c-434619696668/0%2c0%2c2306%2c3817/212%2c321/0/default.jpg,1951-08-04T00:00:00,http://wellcomelibrary.org/item/b19974760#?c=0&m=1448&s=0&cv=43,"The chemist and druggist, issue 3728 - 4. August 1951",b19974760,1448,43
https://dlcs.io/iiif-img/2/1/f5ffcd55-8fe1-46b1-9c34-0e11318984fc/0%2c0%2c2306%2c3817/212%2c321/0/default.jpg,1951-09-01T00:00:00,http://wellcomelibrary.org/item/b19974760#?c=0&m=1452&s=0&cv=79,"The chemist and druggist, issue 3732 - 1. September 1951",b19974760,1452,79
https://dlcs.io/iiif-img/2/1/b2b2fa08-b7af-43db-8a15-e8cac6177f31/0%2c0%2c2306%2c3817/212%2c321/0/default.jpg,1951-09-29T00:00:00,http://wellcomelibrary.org/item/b19974760#?c=0&m=1456&s=0&cv=16,"The chemist and druggist, issue 3736 - 29. September 1951",b19974760,1456,16
https://dlcs.io/iiif-img/2/1/ea99d0d2-ed2b-47eb-ab1c-17e54e915af8/0%2c0%2c2306%2c3817/212%2c321/0/default.jpg,1951-10-06T00:00:00,http://wellcomelibrary.org/item/b19974760#?c=0&m=1457&s=0&cv=77,"The chemist and druggist, issue 3737 - 6. October 1951",b19974760,1457,77
https://dlcs.io/iiif-img/2/1/7e15f30f-e054-4789-9125-29d716de287c/0%2c0%2c2306%2c3817/212%2c321/0/default.jpg,1951-11-03T00:00:00,http://wellcomelibrary.org/item/b19974760#?c=0&m=1461&s=0&cv=76,"The chemist and druggist, issue 3741 - 3. November 1951",b19974760,1461,76
https://dlcs.io/iiif-img/2/1/777f72c6-4b16-431a-ac2a-ee500d7d42dd/0%2c0%2c2306%2c3817/212%2c321/0/default.jpg,1951-12-08T00:00:00,http://wellcomelibrary.org/item/b19974760#?c=0&m=1466&s=0&cv=59,"The chemist and druggist, issue 3746 - 8. December 1951",b19974760,1466,59
https://dlcs.io/iiif-img/2/1/cc306ff3-8c10-43a7-9d9f-5a10390d716d/0%2c0%2c2306%2c3817/212%2c321/0/default.jpg,1952-01-05T00:00:00,http://wellcomelibrary.org/item/b19974760#?c=0&m=1470&s=0&cv=41,"The chemist and druggist, issue 3750 - 5. January 1952",b19974760,1470,41
https://dlcs.io/iiif-img/2/1/4758f354-36f0-4b45-9af7-438b5ac3161e/0%2c0%2c2306%2c3817/212%2c321/0/default.jpg,1952-02-02T00:00:00,http://wellcomelibrary.org/item/b19974760#?c=0&m=1474&s=0&cv=56,"The chemist and druggist, issue 3754 - 2. February 1952",b19974760,1474,56
https://dlcs.io/iiif-img/2/1/4240febb-2d8a-4032-9d51-1bad01410f23/0%2c0%2c2306%2c3817/212%2c321/0/default.jpg,1952-03-01T00:00:00,http://wellcomelibrary.org/item/b19974760#?c=0&m=1478&s=0&cv=48,"The chemist and druggist, issue 3758 - 1. March 1952",b19974760,1478,48
https://dlcs.io/iiif-img/2/1/4b303a72-4ad8-4190-a040-0e1446286523/0%2c0%2c2306%2c3817/212%2c321/0/default.jpg,1952-04-12T00:00:00,http://wellcomelibrary.org/item/b19974760#?c=0&m=1484&s=0&cv=62,"The chemist and druggist, issue 3764 - 12. April 1952",b19974760,1484,62
https://dlcs.io/iiif-img/2/1/9fb1360c-fd02-4c27-9061-1341b710d5bd/0%2c0%2c2306%2c3817/212%2c321/0/default.jpg,1952-05-03T00:00:00,http://wellcomelibrary.org/item/b19974760#?c=0&m=1487&s=0&cv=78,"The chemist and druggist, issue 3767 - 3. May 1952",b19974760,1487,78
https://dlcs.io/iiif-img/2/1/a32956aa-efca-48dc-9dd0-0e2ae5d07b44/0%2c0%2c2306%2c3817/212%2c321/0/default.jpg,1952-06-07T00:00:00,http://wellcomelibrary.org/item/b19974760#?c=0&m=1492&s=0&cv=64,"The chemist and druggist, issue 3772 - 7. June 1952",b19974760,1492,64
https://dlcs.io/iiif-img/2/1/cfc91efb-4991-460a-af12-acb5dbb5cc94/0%2c0%2c2306%2c3817/212%2c321/0/default.jpg,1952-06-14T00:00:00,http://wellcomelibrary.org/item/b19974760#?c=0&m=1493&s=0&cv=60,"The chemist and druggist, issue 3773 - 14. June 1952",b19974760,1493,60
https://dlcs.io/iiif-img/2/1/a9155106-cd80-47b4-ac08-43c7b9aa829c/0%2c0%2c2306%2c3817/212%2c321/0/default.jpg,1952-07-05T00:00:00,http://wellcomelibrary.org/item/b19974760#?c=0&m=1496&s=0&cv=40,"The chemist and druggist, issue 3776 - 5. July 1952",b19974760,1496,40
https://dlcs.io/iiif-img/2/1/0631df2e-c3b0-4975-a620-ef40417147c9/0%2c0%2c2306%2c3817/212%2c321/0/default.jpg,1952-08-02T00:00:00,http://wellcomelibrary.org/item/b19974760#?c=0&m=1500&s=0&cv=46,"The chemist and druggist, issue 3780 - 2. August 1952",b19974760,1500,46
https://dlcs.io/iiif-img/2/1/6cdd0c48-7d87-45e8-a21e-d105380ad5db/0%2c0%2c2306%2c3817/212%2c321/0/default.jpg,1952-08-09T00:00:00,http://wellcomelibrary.org/item/b19974760#?c=0&m=1501&s=0&cv=74,"The chemist and druggist, issue 3781 - 9. August 1952",b19974760,1501,74
https://dlcs.io/iiif-img/2/1/a9c8702b-d315-4c61-be25-e9d4cbf3fdb6/0%2c0%2c2306%2c3817/212%2c321/0/default.jpg,1952-09-06T00:00:00,http://wellcomelibrary.org/item/b19974760#?c=0&m=1505&s=0&cv=85,"The chemist and druggist, issue 3785 - 6. September 1952",b19974760,1505,85
https://dlcs.io/iiif-img/2/1/247bb66a-0f66-4ecd-b9bd-5544e0dd27f0/0%2c0%2c2306%2c3817/212%2c321/0/default.jpg,1952-10-04T00:00:00,http://wellcomelibrary.org/item/b19974760#?c=0&m=1509&s=0&cv=59,"The chemist and druggist, issue 3789 - 4. October 1952",b19974760,1509,59
https://dlcs.io/iiif-img/2/1/502f24ff-3220-4963-8310-e5d5c47d47a7/0%2c0%2c2306%2c3817/212%2c321/0/default.jpg,1952-11-01T00:00:00,http://wellcomelibrary.org/item/b19974760#?c=0&m=1513&s=0&cv=41,"The chemist and druggist, issue 3793 - 1. November 1952",b19974760,1513,41
https://dlcs.io/iiif-img/2/1/a75d2382-f903-4d95-976b-24560cd87169/0%2c0%2c2306%2c3817/212%2c321/0/default.jpg,1952-12-06T00:00:00,http://wellcomelibrary.org/item/b19974760#?c=0&m=1518&s=0&cv=41,"The chemist and druggist, issue 3798 - 6. December 1952",b19974760,1518,41
https://dlcs.io/iiif-img/2/1/8a814b33-36c2-4cde-8961-d0166a3dcf90/0%2c0%2c2306%2c3817/212%2c321/0/default.jpg,1953-01-03T00:00:00,http://wellcomelibrary.org/item/b19974760#?c=0&m=1522&s=0&cv=88,"The chemist and druggist, issue 3802 - 3. January 1953",b19974760,1522,88
https://dlcs.io/iiif-img/2/1/c49e88bd-109d-4864-ba3c-9ba9940d763d/0%2c0%2c2306%2c3817/212%2c321/0/default.jpg,1953-02-07T00:00:00,http://wellcomelibrary.org/item/b19974760#?c=0&m=1527&s=0&cv=67,"The chemist and druggist, issue 3807 - 7. February 1953",b19974760,1527,67
https://dlcs.io/iiif-img/2/1/23076ad0-ea5f-4865-a144-23a055a8f7a7/0%2c0%2c2306%2c3817/212%2c321/0/default.jpg,1953-03-07T00:00:00,http://wellcomelibrary.org/item/b19974760#?c=0&m=1531&s=0&cv=72,"The chemist and druggist, issue 3811 - 7. March 1953",b19974760,1531,72
https://dlcs.io/iiif-img/2/1/8d9e63f6-034f-49ef-b03a-c63caf13f553/0%2c0%2c2306%2c3817/212%2c321/0/default.jpg,1953-04-04T00:00:00,http://wellcomelibrary.org/item/b19974760#?c=0&m=1535&s=0&cv=37,"The chemist and druggist, issue 3815 - 4. April 1953",b19974760,1535,37
https://dlcs.io/iiif-img/2/1/3e2f9727-1392-4541-949c-03628b02eed4/0%2c0%2c2306%2c3817/212%2c321/0/default.jpg,1953-05-02T00:00:00,http://wellcomelibrary.org/item/b19974760#?c=0&m=1539&s=0&cv=49,"The chemist and druggist, issue 3819 - 2. May 1953",b19974760,1539,49
https://dlcs.io/iiif-img/2/1/29c2737a-f0cb-4063-aa59-d2daa254174c/0%2c0%2c2306%2c3817/212%2c321/0/default.jpg,1953-05-09T00:00:00,http://wellcomelibrary.org/item/b19974760#?c=0&m=1540&s=0&cv=76,"The chemist and druggist, issue 3820 - 9. May 1953",b19974760,1540,76
https://dlcs.io/iiif-img/2/1/697d8709-beb5-4736-955a-989df55d74dd/0%2c0%2c2306%2c3817/212%2c321/0/default.jpg,1954-12-25T00:00:00,http://wellcomelibrary.org/item/b19974760#?c=0&m=1625&s=0&cv=15,"The chemist and druggist, issue 3905 - 25. December 1954",b19974760,1625,15
https://dlcs.io/iiif-img/2/1/5f7eff7a-62b9-4a8b-a28f-4ebc5ae6416a/0%2c0%2c2306%2c3817/212%2c321/0/default.jpg,1955-01-15T00:00:00,http://wellcomelibrary.org/item/b19974760#?c=0&m=1628&s=0&cv=64,"The chemist and druggist, issue 3908 - 15. January 1955",b19974760,1628,64
https://dlcs.io/iiif-img/2/1/0c217a3c-4c18-47a7-9b34-3a5811412e11/0%2c0%2c2306%2c3817/212%2c321/0/default.jpg,1955-02-05T00:00:00,http://wellcomelibrary.org/item/b19974760#?c=0&m=1631&s=0&cv=59,"The chemist and druggist, issue 3911 - 5. February 1955",b19974760,1631,59
https://dlcs.io/iiif-img/2/1/a082e56d-4a09-45c3-a8cd-e81d683aa8bd/0%2c0%2c2306%2c3817/212%2c321/0/default.jpg,1955-02-12T00:00:00,http://wellcomelibrary.org/item/b19974760#?c=0&m=1632&s=0&cv=89,"The chemist and druggist, issue 3912 - 12. February 1955",b19974760,1632,89
https://dlcs.io/iiif-img/2/1/44d16157-f420-4d1d-bcc4-edc3df7917aa/0%2c0%2c2306%2c3817/212%2c321/0/default.jpg,1955-02-26T00:00:00,http://wellcomelibrary.org/item/b19974760#?c=0&m=1634&s=0&cv=65,"The chemist and druggist, issue 3914 - 26. February 1955",b19974760,1634,65
https://dlcs.io/iiif-img/2/1/7d4f401b-6775-4ab5-b91a-19f632971d7a/0%2c0%2c2306%2c3817/212%2c321/0/default.jpg,1955-03-05T00:00:00,http://wellcomelibrary.org/item/b19974760#?c=0&m=1635&s=0&cv=85,"The chemist and druggist, issue 3915 - 5. March 1955",b19974760,1635,85
https://dlcs.io/iiif-img/2/1/a8deb088-6148-466a-b52d-c99c0b4a09b9/0%2c0%2c2306%2c3817/212%2c321/0/default.jpg,1955-04-02T00:00:00,http://wellcomelibrary.org/item/b19974760#?c=0&m=1639&s=0&cv=66,"The chemist and druggist, issue 3919 - 2. April 1955",b19974760,1639,66
https://dlcs.io/iiif-img/2/1/00d78ce7-252d-43b1-bf08-09d685b5fb26/0%2c0%2c2306%2c3817/212%2c321/0/default.jpg,1955-05-07T00:00:00,http://wellcomelibrary.org/item/b19974760#?c=0&m=1644&s=0&cv=81,"The chemist and druggist, issue 3924 - 7. May 1955",b19974760,1644,81
https://dlcs.io/iiif-img/2/1/a0fee0da-4e65-464e-bce0-74c66c9ad4d5/0%2c0%2c2306%2c3817/212%2c321/0/default.jpg,1955-06-04T00:00:00,http://wellcomelibrary.org/item/b19974760#?c=0&m=1648&s=0&cv=79,"The chemist and druggist, issue 3928 - 4. June 1955",b19974760,1648,79
https://dlcs.io/iiif-img/2/1/241a2130-3022-4e66-84b4-acc94f4a4862/0%2c0%2c2306%2c3817/212%2c321/0/default.jpg,1955-06-25T00:00:00,http://wellcomelibrary.org/item/b19974760#?c=0&m=1651&s=0&cv=116,"The chemist and druggist, issue 3931 - 25. June 1955",b19974760,1651,116
https://dlcs.io/iiif-img/2/1/8f5253a7-11e7-473a-b27a-dd25591fa037/0%2c0%2c2306%2c3817/212%2c321/0/default.jpg,1955-06-25T00:00:00,http://wellcomelibrary.org/item/b19974760#?c=0&m=1651&s=0&cv=155,"The chemist and druggist, issue 3931 - 25. June 1955",b19974760,1651,155
https://dlcs.io/iiif-img/2/1/be760ddc-1501-426b-b859-6e8c4006ccf3/0%2c0%2c2306%2c3817/212%2c321/0/default.jpg,1955-09-03T00:00:00,http://wellcomelibrary.org/item/b19974760#?c=0&m=1661&s=0&cv=12,"The chemist and druggist, issue 3941 - 3. September 1955",b19974760,1661,12
https://dlcs.io/iiif-img/2/1/0ce70b47-ef9b-4d6d-9641-5b159d25b705/0%2c0%2c2306%2c3817/212%2c321/0/default.jpg,1955-11-12T00:00:00,http://wellcomelibrary.org/item/b19974760#?c=0&m=1671&s=0&cv=53,"The chemist and druggist, issue 3951 - 12. November 1955",b19974760,1671,53
https://dlcs.io/iiif-img/2/1/8d9eb089-00eb-4bcb-b3f3-82b7547062c0/0%2c0%2c2306%2c3817/212%2c321/0/default.jpg,1956-09-08T00:00:00,http://wellcomelibrary.org/item/b19974760#?c=0&m=1714&s=0&cv=56,"The chemist and druggist, issue 3994 - 8. September 1956",b19974760,1714,56
https://dlcs.io/iiif-img/2/1/c6a134f6-c6a0-4d3d-a66d-e17db7ca5982/0%2c0%2c2306%2c3817/212%2c321/0/default.jpg,1956-09-15T00:00:00,http://wellcomelibrary.org/item/b19974760#?c=0&m=1715&s=0&cv=70,"The chemist and druggist, issue 3995 - 15. September 1956",b19974760,1715,70
https://dlcs.io/iiif-img/2/1/0c64c7a8-06f5-4956-ba60-59607d67f360/0%2c0%2c2306%2c3817/212%2c321/0/default.jpg,1957-09-07T00:00:00,http://wellcomelibrary.org/item/b19974760#?c=0&m=1766&s=0&cv=32,"The chemist and druggist, issue 4046 - 7. September 1957",b19974760,1766,32
https://dlcs.io/iiif-img/2/1/60a34fdb-862b-4a16-bb66-3228432b84f0/0%2c0%2c2306%2c3817/212%2c321/0/default.jpg,1957-10-12T00:00:00,http://wellcomelibrary.org/item/b19974760#?c=0&m=1771&s=0&cv=77,"The chemist and druggist, issue 4051 - 12. October 1957",b19974760,1771,77
https://dlcs.io/iiif-img/2/1/3c3ee0da-7a88-432d-94e8-d38ce5c5dd63/0%2c0%2c2306%2c3817/212%2c321/0/default.jpg,1957-11-09T00:00:00,http://wellcomelibrary.org/item/b19974760#?c=0&m=1775&s=0&cv=38,"The chemist and druggist, issue 4055 - 9. November 1957",b19974760,1775,38
https://dlcs.io/iiif-img/2/1/ddc8b60b-68aa-4a2a-b884-697268e2e064/0%2c0%2c2306%2c3817/212%2c321/0/default.jpg,1957-11-16T00:00:00,http://wellcomelibrary.org/item/b19974760#?c=0&m=1776&s=0&cv=42,"The chemist and druggist, issue 4056 - 16. November 1957",b19974760,1776,42
https://dlcs.io/iiif-img/2/1/b271bb2d-34f0-4792-ae12-36aaafbdecb6/0%2c0%2c2306%2c3817/212%2c321/0/default.jpg,1958-09-20T00:00:00,http://wellcomelibrary.org/item/b19974760#?c=0&m=1820&s=0&cv=67,"The chemist and druggist, issue 4100 - 20. September 1958",b19974760,1820,67
https://dlcs.io/iiif-img/2/1/47291517-8e6e-43a5-abbe-fe69e4bf9e03/0%2c0%2c2306%2c3817/212%2c321/0/default.jpg,1958-11-01T00:00:00,http://wellcomelibrary.org/item/b19974760#?c=0&m=1826&s=0&cv=3,"The chemist and druggist, issue 4106 - 1. November 1958",b19974760,1826,3
https://dlcs.io/iiif-img/2/1/15dd21e5-347b-406b-9c5a-18938d428260/0%2c0%2c2306%2c3817/212%2c321/0/default.jpg,1959-05-02T00:00:00,http://wellcomelibrary.org/item/b19974760#?c=0&m=1853&s=0&cv=40,"The chemist and druggist, issue 4132 - 2. May 1959",b19974760,1853,40
https://dlcs.io/iiif-img/2/1/05445bc1-f712-440b-8b1a-e9552921ee7f/0%2c0%2c2306%2c3817/212%2c321/0/default.jpg,1959-05-23T00:00:00,http://wellcomelibrary.org/item/b19974760#?c=0&m=1856&s=0&cv=60,"The chemist and druggist, issue 4135 - 23. May 1959",b19974760,1856,60
https://dlcs.io/iiif-img/2/1/63db7833-ea8d-4d47-a886-09ff2db97f8b/0%2c0%2c2306%2c3817/212%2c321/0/default.jpg,1959-10-10T00:00:00,http://wellcomelibrary.org/item/b19974760#?c=0&m=1876&s=0&cv=94,"The chemist and druggist, issue 4156 - 10. October 1959",b19974760,1876,94
https://dlcs.io/iiif-img/2/1/d2ef6727-a521-47a7-a44e-736ef71634f5/0%2c0%2c2306%2c3817/212%2c321/0/default.jpg,1960-01-02T00:00:00,http://wellcomelibrary.org/item/b19974760#?c=0&m=1888&s=0&cv=70,"The chemist and druggist, issue 4168 - 2. January 1960",b19974760,1888,70
https://dlcs.io/iiif-img/2/1/17459662-d10c-48c0-b37d-78eef7f0f987/0%2c0%2c2306%2c3817/212%2c321/0/default.jpg,1960-02-13T00:00:00,http://wellcomelibrary.org/item/b19974760#?c=0&m=1894&s=0&cv=54,"The chemist and druggist, issue 4174 - 13. February 1960",b19974760,1894,54
https://dlcs.io/iiif-img/2/1/eeb9230b-456f-4cbe-8c59-7f1164d1f1f3/0%2c0%2c2306%2c3817/212%2c321/0/default.jpg,1960-03-19T00:00:00,http://wellcomelibrary.org/item/b19974760#?c=0&m=1899&s=0&cv=60,"The chemist and druggist, issue 4179 - 19. March 1960",b19974760,1899,60
https://dlcs.io/iiif-img/2/1/5b95d2ce-1f37-4b1f-bcc5-e74754f2ecf7/0%2c0%2c2306%2c3817/212%2c321/0/default.jpg,1961-06-24T00:00:00,http://wellcomelibrary.org/item/b19974760#?c=0&m=1938&s=0&cv=149,"The chemist and druggist, issue 4245 - 24. June 1961",b19974760,1938,149
https://dlcs.io/iiif-img/2/1/c5fe892b-9542-4d60-bcef-25a63abdfc99/0%2c0%2c2306%2c3817/212%2c321/0/default.jpg,1962-06-30T00:00:00,http://wellcomelibrary.org/item/b19974760#?c=0&m=1991&s=0&cv=112,"The chemist and druggist, issue 4298 - 30. June 1962",b19974760,1991,112
https://dlcs.io/iiif-img/2/1/7155eb8c-1bab-433c-b8a8-cd03504d4dda/0%2c0%2c2306%2c3817/212%2c321/0/default.jpg,1963-04-06T00:00:00,http://wellcomelibrary.org/item/b19974760#?c=0&m=2031&s=0&cv=51,"The chemist and druggist, issue 4338 - 6. April 1963",b19974760,2031,51
https://dlcs.io/iiif-img/2/1/6d007b11-ce05-4cfe-bec6-52b7fc7f66ac/0%2c0%2c2306%2c3817/212%2c321/0/default.jpg,1963-05-18T00:00:00,http://wellcomelibrary.org/item/b19974760#?c=0&m=2037&s=0&cv=15,"The chemist and druggist, issue 4344 - 18. May 1963",b19974760,2037,15
https://dlcs.io/iiif-img/2/1/e4497441-2abe-4b4e-92ef-abe8bdbcb98e/0%2c0%2c2306%2c3817/212%2c321/0/default.jpg,1963-05-25T00:00:00,http://wellcomelibrary.org/item/b19974760#?c=0&m=2038&s=0&cv=75,"The chemist and druggist, issue 4345 - 25. May 1963",b19974760,2038,75
https://dlcs.io/iiif-img/2/1/25fa92e8-daaa-4165-9853-bb5f934f5c44/0%2c0%2c2306%2c3817/212%2c321/0/default.jpg,1963-06-08T00:00:00,http://wellcomelibrary.org/item/b19974760#?c=0&m=2040&s=0&cv=55,"The chemist and druggist, issue 4347 - 8. June 1963",b19974760,2040,55
https://dlcs.io/iiif-img/2/1/03d3be8f-1e3f-4052-8160-83415a96ddd3/0%2c0%2c2306%2c3817/212%2c321/0/default.jpg,1963-06-29T00:00:00,http://wellcomelibrary.org/item/b19974760#?c=0&m=2043&s=0&cv=82,"The chemist and druggist, issue 4350 - 29. June 1963",b19974760,2043,82
https://dlcs.io/iiif-img/2/1/a9f6d2a0-b842-421a-9b0d-7fe833486e49/0%2c0%2c2306%2c3817/212%2c321/0/default.jpg,1963-07-20T00:00:00,http://wellcomelibrary.org/item/b19974760#?c=0&m=2058&s=0&cv=9,"The chemist and druggist, issue 4353 - 20. July 1963",b19974760,2058,9
https://dlcs.io/iiif-img/2/1/5a427606-d6f6-4501-afc1-5bec9134a7e2/0%2c0%2c2306%2c3817/212%2c321/0/default.jpg,1963-08-10T00:00:00,http://wellcomelibrary.org/item/b19974760#?c=0&m=2061&s=0&cv=9,"The chemist and druggist, issue 4356 - 10. August 1963",b19974760,2061,9
https://dlcs.io/iiif-img/2/1/21177ccf-1890-401f-b3c7-92015753a56f/0%2c0%2c2306%2c3817/212%2c321/0/default.jpg,1963-09-07T00:00:00,http://wellcomelibrary.org/item/b19974760#?c=0&m=2065&s=0&cv=91,"The chemist and druggist, issue 4360 - 7. September 1963",b19974760,2065,91
https://dlcs.io/iiif-img/2/1/42132167-371a-4557-985a-2496f1a737f5/0%2c0%2c2306%2c3817/212%2c321/0/default.jpg,1963-09-21T00:00:00,http://wellcomelibrary.org/item/b19974760#?c=0&m=2067&s=0&cv=69,"The chemist and druggist, issue 4362 - 21. September 1963",b19974760,2067,69
https://dlcs.io/iiif-img/2/1/56937c06-812f-4d87-8d8c-905106147c6b/0%2c0%2c2306%2c3817/212%2c321/0/default.jpg,1963-10-05T00:00:00,http://wellcomelibrary.org/item/b19974760#?c=0&m=2069&s=0&cv=67,"The chemist and druggist, issue 4364 - 5. October 1963",b19974760,2069,67
https://dlcs.io/iiif-img/2/1/4b590eef-7610-4efa-bfbd-3bc8c12bea54/0%2c0%2c2306%2c3817/212%2c321/0/default.jpg,1963-11-16T00:00:00,http://wellcomelibrary.org/item/b19974760#?c=0&m=2075&s=0&cv=56,"The chemist and druggist, issue 4370 - 16. November 1963",b19974760,2075,56
https://dlcs.io/iiif-img/2/1/adbea96c-e547-4086-b626-0a17ad06dc2f/0%2c0%2c2306%2c3817/212%2c321/0/default.jpg,1963-12-21T00:00:00,http://wellcomelibrary.org/item/b19974760#?c=0&m=2080&s=0&cv=33,"The chemist and druggist, issue 4375 - 21. December 1963",b19974760,2080,33
https://dlcs.io/iiif-img/2/1/e6202432-ebc5-482c-9f6b-7bcb55789b65/0%2c0%2c2306%2c3817/212%2c321/0/default.jpg,1964-01-04T00:00:00,http://wellcomelibrary.org/item/b19974760#?c=0&m=2082&s=0&cv=28,"The chemist and druggist, issue 4377 - 4. January 1964",b19974760,2082,28
https://dlcs.io/iiif-img/2/1/98f24c18-dfd2-46ae-ba4b-70de6912219d/0%2c0%2c2306%2c3817/212%2c321/0/default.jpg,1966-08-13T00:00:00,http://wellcomelibrary.org/item/b19974760#?c=0&m=2166&s=0&cv=22,"The chemist and druggist, issue 4513 - 13. August 1966",b19974760,2166,22
https://dlcs.io/iiif-img/2/1/1cc8a212-7e24-433f-99d5-e23f200fa69c/0%2c0%2c2306%2c3817/212%2c321/0/default.jpg,1967-03-11T00:00:00,http://wellcomelibrary.org/item/b19974760#?c=0&m=2196&s=0&cv=25,"The chemist and druggist, issue 4543 - 11. March 1967",b19974760,2196,25
https://dlcs.io/iiif-img/2/1/3ebfd6e9-2009-4107-9d7d-2e6aaf275e95/0%2c0%2c2306%2c3817/212%2c321/0/default.jpg,1967-05-06T00:00:00,http://wellcomelibrary.org/item/b19974760#?c=0&m=2204&s=0&cv=9,"The chemist and druggist, issue 4551 - 6. May 1967",b19974760,2204,9
https://dlcs.io/iiif-img/2/1/d9d43f9c-964a-431f-ae5b-b28cdf68b635/0%2c0%2c2306%2c3817/212%2c321/0/default.jpg,1968-01-20T00:00:00,http://wellcomelibrary.org/item/b19974760#?c=0&m=2240&s=0&cv=9,"The chemist and druggist, issue 4588 - 20. January 1968",b19974760,2240,9
https://dlcs.io/iiif-img/2/1/089a8f22-4dda-4565-85f4-7bce8281b516/0%2c0%2c2306%2c3817/212%2c321/0/default.jpg,1968-02-03T00:00:00,http://wellcomelibrary.org/item/b19974760#?c=0&m=2242&s=0&cv=16,"The chemist and druggist, issue 4590 - 3. February 1968",b19974760,2242,16
https://dlcs.io/iiif-img/2/1/bac1fe53-9de6-4760-b258-98233793982f/0%2c0%2c2306%2c3817/212%2c321/0/default.jpg,1968-03-09T00:00:00,http://wellcomelibrary.org/item/b19974760#?c=0&m=2247&s=0&cv=1,"The chemist and druggist, issue 4595 - 9. March 1968",b19974760,2247,1
https://dlcs.io/iiif-img/2/1/a67dcf26-4a43-46eb-a482-a67e8f305a9d/0%2c0%2c2306%2c3817/212%2c321/0/default.jpg,1968-07-27T00:00:00,http://wellcomelibrary.org/item/b19974760#?c=0&m=2280&s=0&cv=23,"The chemist and druggist, issue 4615 - 27. July 1968",b19974760,2280,23
https://dlcs.io/iiif-img/2/1/194de847-73fc-4d87-bf00-c24621f9cf53/0%2c0%2c2306%2c3817/212%2c321/0/default.jpg,1968-09-28T00:00:00,http://wellcomelibrary.org/item/b19974760#?c=0&m=2289&s=0&cv=25,"The chemist and druggist, issue 4624 - 28. September 1968",b19974760,2289,25
https://dlcs.io/iiif-img/2/1/e93b2cc9-1e99-4208-b395-d689552040e7/0%2c0%2c2306%2c3817/212%2c321/0/default.jpg,1968-12-07T00:00:00,http://wellcomelibrary.org/item/b19974760#?c=0&m=2299&s=0&cv=18,"The chemist and druggist, issue 4634 - 7. December 1968",b19974760,2299,18
https://dlcs.io/iiif-img/2/1/8024e18d-5f47-42a6-8fce-630600afe831/0%2c0%2c2306%2c3817/212%2c321/0/default.jpg,1968-12-21T00:00:00,http://wellcomelibrary.org/item/b19974760#?c=0&m=2301&s=0&cv=103,"The chemist and druggist, issue 4636/4637 - 21/28. December 1968",b19974760,2301,103
https://dlcs.io/iiif-img/2/1/66f087d2-e273-4743-9060-562d7c904267/0%2c0%2c2306%2c3817/212%2c321/0/default.jpg,1969-01-04T00:00:00,http://wellcomelibrary.org/item/b19974760#?c=0&m=2302&s=0&cv=11,"The chemist and druggist, issue 4638 - 4. January 1969",b19974760,2302,11
https://dlcs.io/iiif-img/2/1/c7feae71-f3fa-4d90-8c0c-0ea6e6a9e27e/0%2c0%2c2306%2c3817/212%2c321/0/default.jpg,1969-01-04T00:00:00,http://wellcomelibrary.org/item/b19974760#?c=0&m=2302&s=0&cv=20,"The chemist and druggist, issue 4638 - 4. January 1969",b19974760,2302,20
https://dlcs.io/iiif-img/2/1/5e41fb76-106c-4128-903f-e2ea15e5e06a/0%2c0%2c2306%2c3817/212%2c321/0/default.jpg,1969-03-08T00:00:00,http://wellcomelibrary.org/item/b19974760#?c=0&m=2311&s=0&cv=39,"The chemist and druggist, issue 4647 - 8. March 1969",b19974760,2311,39
https://dlcs.io/iiif-img/2/1/475a6bcc-5e59-41a0-9ddc-328c51cd5c76/0%2c0%2c2306%2c3817/212%2c321/0/default.jpg,1969-05-03T00:00:00,http://wellcomelibrary.org/item/b19974760#?c=0&m=2319&s=0&cv=47,"The chemist and druggist, issue 4655 - 3. May 1969",b19974760,2319,47
https://dlcs.io/iiif-img/2/1/044e3613-2bab-4779-8b15-734ddca7df09/0%2c0%2c2306%2c3817/212%2c321/0/default.jpg,1972-05-06T00:00:00,http://wellcomelibrary.org/item/b19974760#?c=0&m=2447&s=0&cv=70,"The chemist and druggist, issue 4808 - 6. May 1972",b19974760,2447,70
https://dlcs.io/iiif-img/2/1/836efdb9-c29c-4fdd-9b04-8fdd88f9fce0/0%2c0%2c2306%2c3817/212%2c321/0/default.jpg,1972-05-27T00:00:00,http://wellcomelibrary.org/item/b19974760#?c=0&m=2450&s=0&cv=5,"The chemist and druggist, issue 4811 - 27. May 1972",b19974760,2450,5
https://dlcs.io/iiif-img/2/1/046de8a8-f4b4-4d3a-a01b-1ebd61fc4341/0%2c0%2c2306%2c3817/212%2c321/0/default.jpg,1972-08-12T00:00:00,http://wellcomelibrary.org/item/b19974760#?c=0&m=2461&s=0&cv=348,"The chemist and druggist, issue 4822 - 12. August 1972",b19974760,2461,348
https://dlcs.io/iiif-img/2/1/7ad16652-ca2a-4300-8c4c-cf25b8210e4e/0%2c0%2c2306%2c3817/212%2c321/0/default.jpg,1972-11-11T00:00:00,http://wellcomelibrary.org/item/b19974760#?c=0&m=2474&s=0&cv=13,"The chemist and druggist, issue 4835 - 11. November 1972",b19974760,2474,13
https://dlcs.io/iiif-img/2/1/349ec7c3-a460-41b3-a7e1-eb19675ab956/0%2c0%2c2306%2c3817/212%2c321/0/default.jpg,1972-11-11T00:00:00,http://wellcomelibrary.org/item/b19974760#?c=0&m=2474&s=0&cv=24,"The chemist and druggist, issue 4835 - 11. November 1972",b19974760,2474,24
https://dlcs.io/iiif-img/2/1/d90d96fd-b509-408c-a39a-cdd16ab793fc/0%2c0%2c2306%2c3817/212%2c321/0/default.jpg,1973-02-10T00:00:00,http://wellcomelibrary.org/item/b19974760#?c=0&m=2486&s=0&cv=17,"The chemist and druggist, issue 4847 - 10. February 1973",b19974760,2486,17
https://dlcs.io/iiif-img/2/1/7cd3dbfc-de6d-4d0d-a82a-9980741a1fd6/0%2c0%2c2306%2c3817/212%2c321/0/default.jpg,1974-06-29T00:00:00,http://wellcomelibrary.org/item/b19974760#?c=0&m=2568&s=0&cv=22,"The chemist and druggist, issue 4919 - 29. June 1974",b19974760,2568,22
https://dlcs.io/iiif-img/2/1/f66ead2c-623a-4052-b947-604749915c2a/0%2c0%2c2306%2c3817/212%2c321/0/default.jpg,1975-06-14T00:00:00,http://wellcomelibrary.org/item/b19974760#?c=0&m=2617&s=0&cv=22,"The chemist and druggist, issue 4968 - 14. June 1975",b19974760,2617,22
https://dlcs.io/iiif-img/2/1/de1b1dca-fa9b-45d8-8212-0d4a748a9fe1/0%2c0%2c2306%2c3817/212%2c321/0/default.jpg,1975-08-16T00:00:00,http://wellcomelibrary.org/item/b19974760#?c=0&m=2626&s=0&cv=22,"The chemist and druggist, issue 4977 - 16. August 1975",b19974760,2626,22
https://dlcs.io/iiif-img/2/1/81954fcb-ace8-4766-8596-a6e7893354c4/0%2c0%2c2306%2c3817/212%2c321/0/default.jpg,1975-10-18T00:00:00,http://wellcomelibrary.org/item/b19974760#?c=0&m=2635&s=0&cv=31,"The chemist and druggist, issue 4986 - 18. October 1975",b19974760,2635,31
https://dlcs.io/iiif-img/2/1/f80171f3-f54e-4386-8a40-b8d7a7d0b2d6/0%2c0%2c2306%2c3817/212%2c321/0/default.jpg,1975-12-20T00:00:00,http://wellcomelibrary.org/item/b19974760#?c=0&m=2644&s=0&cv=22,"The chemist and druggist, issue 4995 - 20/27. December 1975",b19974760,2644,22
https://dlcs.io/iiif-img/2/1/89ae2134-7a0e-4936-a135-b16a85f1f01d/0%2c0%2c2306%2c3817/212%2c321/0/default.jpg,1976-02-14T00:00:00,http://wellcomelibrary.org/item/b19974760#?c=0&m=2651&s=0&cv=34,"The chemist and druggist, issue 5002 - 14. February 1976",b19974760,2651,34
https://dlcs.io/iiif-img/2/1/e7d49966-9746-46aa-9e64-dbbfb069dbf5/0%2c0%2c2306%2c3817/212%2c321/0/default.jpg,1976-04-17T00:00:00,http://wellcomelibrary.org/item/b19974760#?c=0&m=2660&s=0&cv=5,"The chemist and druggist, issue 5011 - 17. April 1976",b19974760,2660,5
https://dlcs.io/iiif-img/2/1/dfdfd3d1-02d8-41c9-97b6-3424df846f68/0%2c0%2c2306%2c3817/212%2c321/0/default.jpg,1976-04-17T00:00:00,http://wellcomelibrary.org/item/b19974760#?c=0&m=2660&s=0&cv=25,"The chemist and druggist, issue 5011 - 17. April 1976",b19974760,2660,25
https://dlcs.io/iiif-img/2/1/e5ea7377-92fa-4530-a15e-95d292b13f9c/0%2c0%2c2306%2c3817/212%2c321/0/default.jpg,1976-04-24T00:00:00,http://wellcomelibrary.org/item/b19974760#?c=0&m=2661&s=0&cv=26,"The chemist and druggist, issue 5012 - 24. April 1976",b19974760,2661,26
https://dlcs.io/iiif-img/2/1/26fa6d68-d0a9-448e-9d65-4c8d79cb4e82/0%2c0%2c2306%2c3817/212%2c321/0/default.jpg,1976-05-22T00:00:00,http://wellcomelibrary.org/item/b19974760#?c=0&m=2665&s=0&cv=24,"The chemist and druggist, issue 5016 - 22. May 1976",b19974760,2665,24
https://dlcs.io/iiif-img/2/1/15b53ada-8762-4c5c-9565-f119febdd707/0%2c0%2c2306%2c3817/212%2c321/0/default.jpg,1976-06-12T00:00:00,http://wellcomelibrary.org/item/b19974760#?c=0&m=2668&s=0&cv=34,"The chemist and druggist, issue 5019 - 12. June 1976",b19974760,2668,34
https://dlcs.io/iiif-img/2/1/218baeb2-2e43-4ab7-ad3c-595b9583bea8/0%2c0%2c2306%2c3817/212%2c321/0/default.jpg,1976-08-14T00:00:00,http://wellcomelibrary.org/item/b19974760#?c=0&m=2677&s=0&cv=30,"The chemist and druggist, issue 5028 - 14. August 1976",b19974760,2677,30
https://dlcs.io/iiif-img/2/1/38fbd1e3-367c-446a-8797-ff485b368764/0%2c0%2c2306%2c3817/212%2c321/0/default.jpg,1976-10-16T00:00:00,http://wellcomelibrary.org/item/b19974760#?c=0&m=2686&s=0&cv=32,"The chemist and druggist, issue 5037 - 16. October 1976",b19974760,2686,32
https://dlcs.io/iiif-img/2/1/26c9b9ec-5755-4f24-84b0-276eb47f10a6/0%2c0%2c2306%2c3817/212%2c321/0/default.jpg,1976-10-30T00:00:00,http://wellcomelibrary.org/item/b19974760#?c=0&m=2688&s=0&cv=8,"The chemist and druggist, issue 5039 - 30. October 1976",b19974760,2688,8
https://dlcs.io/iiif-img/2/1/73ab140f-ef83-4992-9f2a-af711595ff1c/0%2c0%2c2306%2c3817/212%2c321/0/default.jpg,1976-11-20T00:00:00,http://wellcomelibrary.org/item/b19974760#?c=0&m=2691&s=0&cv=24,"The chemist and druggist, issue 5042 - 20. November 1976",b19974760,2691,24
https://dlcs.io/iiif-img/2/1/c3f71a19-567f-4f2f-b9d8-170d0f4fc8f0/0%2c0%2c2306%2c3817/212%2c321/0/default.jpg,1976-11-27T00:00:00,http://wellcomelibrary.org/item/b19974760#?c=0&m=2692&s=0&cv=30,"The chemist and druggist, issue 5043 - 27. November 1976",b19974760,2692,30
https://dlcs.io/iiif-img/2/1/8c3f7bf8-f8f0-457c-ae29-7de846ed7006/0%2c0%2c2306%2c3817/212%2c321/0/default.jpg,1976-12-18T00:00:00,http://wellcomelibrary.org/item/b19974760#?c=0&m=2695&s=0&cv=20,"The chemist and druggist, issue 5046 - 18. December 1976",b19974760,2695,20
https://dlcs.io/iiif-img/2/1/f7578ed7-413c-40c4-a1ef-54029abfea4c/0%2c0%2c2306%2c3817/212%2c321/0/default.jpg,1977-01-22T00:00:00,http://wellcomelibrary.org/item/b19974760#?c=0&m=2699&s=0&cv=29,"The chemist and druggist, issue 5050 - 22. January 1977",b19974760,2699,29
https://dlcs.io/iiif-img/2/1/f1f29f04-e38a-4c92-a3f7-fb34fdd86298/0%2c0%2c2306%2c3817/212%2c321/0/default.jpg,1977-01-29T00:00:00,http://wellcomelibrary.org/item/b19974760#?c=0&m=2700&s=0&cv=26,"The chemist and druggist, issue 5051 - 29. January 1977",b19974760,2700,26
https://dlcs.io/iiif-img/2/1/68a9c908-b6bd-4642-92cd-b8987b796f65/0%2c0%2c2306%2c3817/212%2c321/0/default.jpg,1977-04-16T00:00:00,http://wellcomelibrary.org/item/b19974760#?c=0&m=2711&s=0&cv=32,"The chemist and druggist, issue 5062 - 16. April 1977",b19974760,2711,32
https://dlcs.io/iiif-img/2/1/781519ea-bd6b-4908-90f0-c9dc229eb202/0%2c0%2c2306%2c3817/212%2c321/0/default.jpg,1977-04-23T00:00:00,http://wellcomelibrary.org/item/b19974760#?c=0&m=2712&s=0&cv=28,"The chemist and druggist, issue 5063 - 23. April 1977",b19974760,2712,28
https://dlcs.io/iiif-img/2/1/d1839d49-c57a-4bab-921f-73ea57cb4f71/0%2c0%2c2306%2c3817/212%2c321/0/default.jpg,1977-06-11T00:00:00,http://wellcomelibrary.org/item/b19974760#?c=0&m=2719&s=0&cv=32,"The chemist and druggist, issue 5070 - 11. June 1977",b19974760,2719,32
https://dlcs.io/iiif-img/2/1/91664d59-8f09-4e28-84cc-4cfeeed22e08/0%2c0%2c2306%2c3817/212%2c321/0/default.jpg,1977-08-13T00:00:00,http://wellcomelibrary.org/item/b19974760#?c=0&m=2728&s=0&cv=22,"The chemist and druggist, issue 5079 - 13. August 1977",b19974760,2728,22
https://dlcs.io/iiif-img/2/1/8ee67586-6b2f-4ec7-8c96-fb94f541f582/0%2c0%2c2306%2c3817/212%2c321/0/default.jpg,1977-10-15T00:00:00,http://wellcomelibrary.org/item/b19974760#?c=0&m=2737&s=0&cv=9,"The chemist and druggist, issue 5088 - 15. October 1977",b19974760,2737,9
https://dlcs.io/iiif-img/2/1/c540431a-3e93-4a17-b86e-9153dd4f5423/0%2c0%2c2306%2c3817/212%2c321/0/default.jpg,1977-10-15T00:00:00,http://wellcomelibrary.org/item/b19974760#?c=0&m=2737&s=0&cv=51,"The chemist and druggist, issue 5088 - 15. October 1977",b19974760,2737,51
https://dlcs.io/iiif-img/2/1/93f13eb0-e21d-47f7-b398-9961e3488149/0%2c0%2c2306%2c3817/212%2c321/0/default.jpg,1977-10-22T00:00:00,http://wellcomelibrary.org/item/b19974760#?c=0&m=2738&s=0&cv=40,"The chemist and druggist, issue 5089 - 22. October 1977",b19974760,2738,40
https://dlcs.io/iiif-img/2/1/b9b8a7de-dee7-468f-9c20-8ad6525b4cbc/0%2c0%2c2306%2c3817/212%2c321/0/default.jpg,1977-12-17T00:00:00,http://wellcomelibrary.org/item/b19974760#?c=0&m=2746&s=0&cv=16,"The chemist and druggist, issue 5097 - 17. December 1977",b19974760,2746,16
https://dlcs.io/iiif-img/2/1/d8f2796a-5ced-402f-ab37-453a273debe2/0%2c0%2c2306%2c3817/212%2c321/0/default.jpg,1977-12-24T00:00:00,http://wellcomelibrary.org/item/b19974760#?c=0&m=2747&s=0&cv=18,"The chemist and druggist, issue 5098 - 24/31. December 1977",b19974760,2747,18
https://dlcs.io/iiif-img/2/1/1a9de608-0832-450d-b37d-053d0e8430bb/0%2c0%2c2306%2c3817/212%2c321/0/default.jpg,1978-01-14T00:00:00,http://wellcomelibrary.org/item/b19974760#?c=0&m=2749&s=0&cv=2,"The chemist and druggist, issue 5100 - 14. January 1978",b19974760,2749,2
https://dlcs.io/iiif-img/2/1/62254294-cb3d-4d9e-a6e1-85871ff0a847/0%2c0%2c2306%2c3817/212%2c321/0/default.jpg,1978-01-14T00:00:00,http://wellcomelibrary.org/item/b19974760#?c=0&m=2749&s=0&cv=48,"The chemist and druggist, issue 5100 - 14. January 1978",b19974760,2749,48
https://dlcs.io/iiif-img/2/1/3a074c59-66ac-44e9-8f32-77ff44315427/0%2c0%2c2306%2c3817/212%2c321/0/default.jpg,1978-01-14T00:00:00,http://wellcomelibrary.org/item/b19974760#?c=0&m=2749&s=0&cv=56,"The chemist and druggist, issue 5100 - 14. January 1978",b19974760,2749,56
https://dlcs.io/iiif-img/2/1/0d01253f-7cd0-4bfb-ba8b-bf73bf5e1941/0%2c0%2c2306%2c3817/212%2c321/0/default.jpg,1978-01-28T00:00:00,http://wellcomelibrary.org/item/b19974760#?c=0&m=2751&s=0&cv=30,"The chemist and druggist, issue 5102 - 28. January 1978",b19974760,2751,30
https://dlcs.io/iiif-img/2/1/b395acab-1c6f-4539-98a1-697b8de00077/0%2c0%2c2306%2c3817/212%2c321/0/default.jpg,1978-02-04T00:00:00,http://wellcomelibrary.org/item/b19974760#?c=0&m=2752&s=0&cv=56,"The chemist and druggist, issue 5103 - 4. February 1978",b19974760,2752,56
https://dlcs.io/iiif-img/2/1/2192d499-4d9e-458e-adcf-44dd1ce486f3/0%2c0%2c2306%2c3817/212%2c321/0/default.jpg,1978-04-15T00:00:00,http://wellcomelibrary.org/item/b19974760#?c=0&m=2762&s=0&cv=44,"The chemist and druggist, issue 5113 - 15. April 1978",b19974760,2762,44
https://dlcs.io/iiif-img/2/1/257b8fd2-6058-4173-8ec5-08341acf9717/0%2c0%2c2306%2c3817/212%2c321/0/default.jpg,1978-06-10T00:00:00,http://wellcomelibrary.org/item/b19974760#?c=0&m=2770&s=0&cv=39,"The chemist and druggist, issue 5121 - 10. June 1978",b19974760,2770,39
https://dlcs.io/iiif-img/2/1/9f9f22c2-3661-42d3-a2bb-4f605eaecdb5/0%2c0%2c2306%2c3817/212%2c321/0/default.jpg,1879-01-15T00:00:00,http://wellcomelibrary.org/item/b19974760#?c=0&m=2773&s=0&cv=50,"The chemist and druggist, issue - - 15. January 1879",b19974760,2773,50
https://dlcs.io/iiif-img/2/1/2449fe84-22a3-4ffa-b2f0-0c8c95726d42/0%2c0%2c2306%2c3817/212%2c321/0/default.jpg,1879-02-15T00:00:00,http://wellcomelibrary.org/item/b19974760#?c=0&m=2774&s=0&cv=32,"The chemist and druggist, issue - - 15. February 1879",b19974760,2774,32
https://dlcs.io/iiif-img/2/1/1588baf8-7248-4913-8718-0bb7f2ed5628/0%2c0%2c2306%2c3817/212%2c321/0/default.jpg,1879-03-15T00:00:00,http://wellcomelibrary.org/item/b19974760#?c=0&m=2775&s=0&cv=135,"The chemist and druggist, issue - - 15. March 1879",b19974760,2775,135
https://dlcs.io/iiif-img/2/1/99262137-2ad7-43d8-b23e-64f92ebc5ffc/0%2c0%2c2306%2c3817/212%2c321/0/default.jpg,1879-04-15T00:00:00,http://wellcomelibrary.org/item/b19974760#?c=0&m=2776&s=0&cv=32,"The chemist and druggist, issue - - 15. April 1879",b19974760,2776,32
https://dlcs.io/iiif-img/2/1/39ef0315-07ac-40c1-9812-933c4de8c569/0%2c0%2c2306%2c3817/212%2c321/0/default.jpg,1879-11-15T00:00:00,http://wellcomelibrary.org/item/b19974760#?c=0&m=2783&s=0&cv=41,"The chemist and druggist, issue - - 15. November 1879",b19974760,2783,41
https://dlcs.io/iiif-img/2/1/ce3f43db-948d-4523-a4f7-81ae9ca32f79/0%2c0%2c2306%2c3817/212%2c321/0/default.jpg,1879-12-15T00:00:00,http://wellcomelibrary.org/item/b19974760#?c=0&m=2784&s=0&cv=35,"The chemist and druggist, issue - - 15. December 1879",b19974760,2784,35
https://dlcs.io/iiif-img/2/1/dbe01b95-5505-491a-b716-f86084aa0069/0%2c0%2c2306%2c3817/212%2c321/0/default.jpg,1978-07-29T00:00:00,http://wellcomelibrary.org/item/b19974760#?c=0&m=2789&s=0&cv=30,"The chemist and druggist, issue 5128 - 29. July 1978",b19974760,2789,30
https://dlcs.io/iiif-img/2/1/243fd1e0-9462-4642-b2bd-96cb5b68063b/0%2c0%2c2306%2c3817/212%2c321/0/default.jpg,1978-07-29T00:00:00,http://wellcomelibrary.org/item/b19974760#?c=0&m=2789&s=0&cv=32,"The chemist and druggist, issue 5128 - 29. July 1978",b19974760,2789,32
https://dlcs.io/iiif-img/2/1/fb2456c0-64e9-4f45-ab74-664ae3b2d3f9/0%2c0%2c2306%2c3817/212%2c321/0/default.jpg,1978-08-12T00:00:00,http://wellcomelibrary.org/item/b19974760#?c=0&m=2791&s=0&cv=26,"The chemist and druggist, issue 5130 - 12. August 1978",b19974760,2791,26
https://dlcs.io/iiif-img/2/1/763ea3e2-9645-4edd-a804-467dece5c2c2/0%2c0%2c2306%2c3817/212%2c321/0/default.jpg,1978-10-14T00:00:00,http://wellcomelibrary.org/item/b19974760#?c=0&m=2800&s=0&cv=42,"The chemist and druggist, issue 5139 - 14. October 1978",b19974760,2800,42
https://dlcs.io/iiif-img/2/1/e4fbc221-92a2-4a0b-a30d-dbada4938e27/0%2c0%2c2306%2c3817/212%2c321/0/default.jpg,1978-12-16T00:00:00,http://wellcomelibrary.org/item/b19974760#?c=0&m=2809&s=0&cv=22,"The chemist and druggist, issue 5148 - 16. December 1978",b19974760,2809,22
https://dlcs.io/iiif-img/2/1/eb980251-bb1f-4db3-8d7f-af3acebd884c/0%2c0%2c2306%2c3817/212%2c321/0/default.jpg,1980-05-03T00:00:00,http://wellcomelibrary.org/item/b19974760#?c=0&m=2879&s=0&cv=25,"The chemist and druggist, issue 5218 - 3/10. May 1980",b19974760,2879,25
https://dlcs.io/iiif-img/2/1/ebb2d1c8-1c8c-424b-854b-d4af3ebe3a53/0%2c0%2c2306%2c3817/212%2c321/0/default.jpg,1980-05-24T00:00:00,http://wellcomelibrary.org/item/b19974760#?c=0&m=2881&s=0&cv=42,"The chemist and druggist, issue 5220 - 24. May 1980",b19974760,2881,42
https://dlcs.io/iiif-img/2/1/963eb76e-985a-4a3e-8444-03ebc572f795/0%2c0%2c2306%2c3817/212%2c321/0/default.jpg,1980-11-08T00:00:00,http://wellcomelibrary.org/item/b19974760#?c=0&m=2904&s=0&cv=11,"The chemist and druggist, issue 5244 - 8. November 1980",b19974760,2904,11
https://dlcs.io/iiif-img/2/1/5bd37a3a-c2fd-459b-8ef1-9ba95cd08bbf/0%2c0%2c2306%2c3817/212%2c321/0/default.jpg,1981-01-10T00:00:00,http://wellcomelibrary.org/item/b19974760#?c=0&m=2911&s=0&cv=23,"The chemist and druggist, issue 5252 - 10. January 1981",b19974760,2911,23
https://dlcs.io/iiif-img/2/1/2d860e3d-9956-4564-b9e5-1dd6b94d14f5/0%2c0%2c2306%2c3817/212%2c321/0/default.jpg,1981-02-07T00:00:00,http://wellcomelibrary.org/item/b19974760#?c=0&m=2915&s=0&cv=37,"The chemist and druggist, issue 5256 - 7. February 1981",b19974760,2915,37
https://dlcs.io/iiif-img/2/1/c7b4cd49-917e-4e0b-b31d-a560de8f791a/0%2c0%2c2306%2c3817/212%2c321/0/default.jpg,1981-06-06T00:00:00,http://wellcomelibrary.org/item/b19974760#?c=0&m=2932&s=0&cv=13,"The chemist and druggist, issue 5273 - 6. June 1981",b19974760,2932,13